uid,info
1,"性别:女,年级:研二,专业:通信,爱好:种植 羽毛球 舞蹈 天文 围棋,标签:社交普通型 高冷 作息规律"
2,"性别:男,年级:大三,专业:会计,爱好:围棋 骑行 足球 音乐,标签:可爱"
3,"性别:女,年级:大一,专业:会计,爱好:音乐 动漫 羽毛球,标签:技术大牛 社恐星人 可爱 作息规律 镇圈大佬"
4,"性别:男,年级:研一,专业:体育,爱好:缝纫 羽毛球,标签:技术大牛 运动达人"
5,"性别:女,年级:大一,专业:英语,爱好:种植 剪纸,标签:社交牛逼症"
6,"性别:男,年级:大四,专业:会计,爱好:机械 缝纫 绘画 骑行 足球,标签:熬夜的神 技术大牛"
7,"性别:男,年级:研二,专业:生物,爱好:足球 绘画 跑步,标签:技术大牛 运动达人 作息规律"
8,"性别:女,年级:研一,专业:体育,爱好:种植 机械 编程,标签:无标签"
9,"性别:女,年级:研三,专业:生物,爱好:种植 围棋,标签:吃货"
10,"性别:女,年级:大一,专业:计算机,爱好:音乐 羽毛球 舞蹈 足球 骑行,标签:宅属性 高冷 运动达人 镇圈大佬 吃货"
11,"性别:女,年级:博士,专业:土木,爱好:种植 编程 足球 天文 缝纫,标签:高冷 社恐星人"
12,"性别:男,年级:大三,专业:土木,爱好:羽毛球 跑步 围棋,标签:镇圈大佬 运动达人 作息规律"
13,"性别:女,年级:大四,专业:土木,爱好:围棋 种植,标签:可爱 宅属性 作息规律"
14,"性别:女,年级:大一,专业:计算机,爱好:骑行 舞蹈 音乐 跑步,标签:社交普通型 熬夜的神 吃货 可爱"
15,"性别:女,年级:大二,专业:电气,爱好:足球 舞蹈 绘画 围棋,标签:高冷 熬夜的神"
16,"性别:女,年级:研二,专业:体育,爱好:羽毛球 足球,标签:温和 技术大牛 社交牛逼症 作息规律"
17,"性别:男,年级:大二,专业:法学,爱好:机械 羽毛球 种植 跑步,标签:温和 社恐星人 运动达人 早睡早起"
18,"性别:男,年级:研一,专业:计算机,爱好:天文,标签:运动达人 可爱 熬夜的神 社交牛逼症 镇圈大佬"
19,"性别:男,年级:大三,专业:法学,爱好:种植,标签:熬夜的神 镇圈大佬"
20,"性别:男,年级:研二,专业:医学,爱好:绘画 羽毛球,标签:温和 吃货 运动达人 宅属性"
21,"性别:女,年级:研三,专业:英语,爱好:骑行 绘画 舞蹈 剪纸,标签:宅属性 技术大牛 吃货"
22,"性别:女,年级:大三,专业:新闻,爱好:舞蹈 动漫 围棋,标签:社交牛逼症 早睡早起"
23,"性别:男,年级:大三,专业:通信,爱好:羽毛球 种植 动漫,标签:社交普通型 高冷"
24,"性别:男,年级:大四,专业:电气,爱好:绘画,标签:段子手 镇圈大佬 社恐星人 早睡早起"
25,"性别:女,年级:研三,专业:土木,爱好:种植 机械 编程 音乐 羽毛球,标签:宅属性 技术大牛 吃货"
26,"性别:男,年级:大一,专业:会计,爱好:绘画 围棋,标签:社恐星人"
27,"性别:男,年级:大二,专业:土木,爱好:剪纸 天文,标签:高冷 社交牛逼症 早睡早起"
28,"性别:女,年级:博士,专业:体育,爱好:机械 缝纫,标签:社恐星人 早睡早起"
29,"性别:男,年级:大三,专业:新闻,爱好:动漫 天文,标签:宅属性 运动达人 温和 段子手 吃货"
30,"性别:男,年级:大四,专业:会计,爱好:音乐 跑步,标签:熬夜的神 社恐星人"
31,"性别:女,年级:大二,专业:会计,爱好:动漫,标签:社交普通型 宅属性 可爱"
32,"性别:女,年级:大四,专业:土木,爱好:天文,标签:宅属性 高冷 运动达人 段子手 吃货"
33,"性别:女,年级:研二,专业:医学,爱好:跑步 骑行,标签:段子手 社恐星人"
34,"性别:女,年级:博士,专业:计算机,爱好:跑步 绘画 种植 骑行 机械,标签:社交牛逼症 早睡早起"
35,"性别:男,年级:大二,专业:计算机,爱好:天文 剪纸 机械 缝纫 跑步,标签:宅属性 技术大牛 高冷 早睡早起 社交牛逼症 段子手 吃货"
36,"性别:男,年级:大一,专业:土木,爱好:足球 机械 羽毛球 天文,标签:技术大牛"
37,"性别:男,年级:研二,专业:新闻,爱好:剪纸 机械 编程 围棋 羽毛球,标签:社交普通型 技术大牛 镇圈大佬 可爱"
38,"性别:女,年级:大二,专业:生物,爱好:足球,标签:温和 镇圈大佬 早睡早起"
39,"性别:女,年级:研一,专业:生物,爱好:绘画 舞蹈 跑步,标签:高冷 吃货 宅属性"
40,"性别:男,年级:大四,专业:美术,爱好:动漫 绘画 骑行 缝纫 跑步,标签:社交普通型 作息规律"
41,"性别:男,年级:研三,专业:土木,爱好:剪纸 羽毛球,标签:社交普通型 高冷 技术大牛 作息规律"
42,"性别:男,年级:大一,专业:英语,爱好:绘画 天文,标签:社交普通型 温和 段子手 作息规律"
43,"性别:女,年级:大四,专业:计算机,爱好:绘画 种植 缝纫,标签:温和 早睡早起"
44,"性别:男,年级:大二,专业:计算机,爱好:舞蹈 缝纫 音乐 羽毛球 种植,标签:段子手 技术大牛 作息规律"
45,"性别:女,年级:博士,专业:通信,爱好:绘画 骑行 音乐 缝纫,标签:温和 早睡早起"
46,"性别:女,年级:研一,专业:计算机,爱好:种植 舞蹈,标签:高冷"
47,"性别:男,年级:研一,专业:医学,爱好:剪纸 种植,标签:高冷 熬夜的神"
48,"性别:男,年级:大一,专业:电气,爱好:围棋 剪纸,标签:熬夜的神 技术大牛 可爱"
49,"性别:男,年级:大四,专业:生物,爱好:音乐 舞蹈 骑行 动漫,标签:吃货"
50,"性别:女,年级:研一,专业:新闻,爱好:骑行 种植 缝纫 足球 舞蹈,标签:段子手 社恐星人 作息规律"
51,"性别:女,年级:研三,专业:会计,爱好:天文 足球 动漫 骑行 围棋,标签:社交普通型 温和 作息规律"
52,"性别:男,年级:大四,专业:英语,爱好:机械 编程,标签:段子手 温和 熬夜的神 运动达人"
53,"性别:女,年级:研二,专业:生物,爱好:羽毛球 骑行 机械 剪纸 天文,标签:社交普通型 温和 早睡早起"
54,"性别:女,年级:大三,专业:体育,爱好:羽毛球 舞蹈,标签:社交普通型 温和 段子手 作息规律"
55,"性别:男,年级:大四,专业:会计,爱好:羽毛球 缝纫,标签:段子手 运动达人"
56,"性别:女,年级:博士,专业:法学,爱好:骑行,标签:宅属性 熬夜的神 社交牛逼症 技术大牛"
57,"性别:女,年级:大四,专业:英语,爱好:动漫 羽毛球 编程,标签:作息规律"
58,"性别:女,年级:大一,专业:生物,爱好:缝纫,标签:社交普通型"
59,"性别:男,年级:大一,专业:美术,爱好:绘画 种植,标签:社交牛逼症"
60,"性别:男,年级:大一,专业:计算机,爱好:剪纸 绘画 天文 舞蹈,标签:段子手 温和 早睡早起"
61,"性别:女,年级:大四,专业:土木,爱好:围棋 机械 舞蹈 剪纸,标签:社恐星人 可爱"
62,"性别:男,年级:大四,专业:计算机,爱好:种植 天文 跑步 羽毛球,标签:可爱 宅属性 吃货 作息规律"
63,"性别:女,年级:大三,专业:新闻,爱好:骑行 天文,标签:早睡早起"
64,"性别:男,年级:大三,专业:新闻,爱好:骑行 剪纸,标签:无标签"
65,"性别:女,年级:博士,专业:通信,爱好:骑行 种植 编程,标签:作息规律"
66,"性别:男,年级:大一,专业:土木,爱好:羽毛球 编程,标签:可爱 宅属性 吃货 作息规律"
67,"性别:男,年级:研一,专业:美术,爱好:剪纸 骑行 音乐 舞蹈 足球,标签:熬夜的神 镇圈大佬 社交牛逼症 技术大牛"
68,"性别:男,年级:研一,专业:生物,爱好:羽毛球 音乐,标签:高冷 社恐星人 早睡早起"
69,"性别:女,年级:研三,专业:体育,爱好:音乐 动漫,标签:运动达人 作息规律 温和 镇圈大佬 吃货"
70,"性别:男,年级:大三,专业:土木,爱好:足球 天文 动漫 舞蹈 剪纸,标签:宅属性 吃货"
71,"性别:男,年级:博士,专业:会计,爱好:足球 舞蹈 跑步 围棋 绘画,标签:段子手 温和"
72,"性别:男,年级:大四,专业:新闻,爱好:天文 足球 绘画 缝纫,标签:社交普通型"
73,"性别:男,年级:博士,专业:新闻,爱好:足球 机械 音乐 编程,标签:运动达人 早睡早起"
74,"性别:女,年级:研二,专业:计算机,爱好:足球,标签:高冷 吃货 社交牛逼症 宅属性"
75,"性别:男,年级:大一,专业:美术,爱好:机械,标签:熬夜的神 可爱"
76,"性别:女,年级:大一,专业:生物,爱好:围棋 缝纫,标签:作息规律"
77,"性别:男,年级:大二,专业:计算机,爱好:骑行 动漫 种植,标签:运动达人"
78,"性别:男,年级:研一,专业:体育,爱好:机械 编程 动漫 足球,标签:温和 熬夜的神"
79,"性别:女,年级:大二,专业:美术,爱好:羽毛球 动漫 机械,标签:运动达人 镇圈大佬 社交牛逼症 作息规律"
80,"性别:女,年级:研三,专业:电气,爱好:羽毛球 舞蹈 骑行 缝纫 动漫,标签:社交普通型 温和 镇圈大佬 早睡早起"
81,"性别:女,年级:大一,专业:土木,爱好:天文,标签:温和 熬夜的神 社恐星人"
82,"性别:男,年级:大四,专业:英语,爱好:舞蹈 足球 音乐,标签:段子手 运动达人 早睡早起"
83,"性别:女,年级:大一,专业:医学,爱好:剪纸 跑步 绘画 舞蹈,标签:段子手 镇圈大佬 社恐星人 早睡早起"
84,"性别:女,年级:大三,专业:土木,爱好:跑步 绘画 围棋 种植 缝纫,标签:段子手 高冷 镇圈大佬"
85,"性别:男,年级:研三,专业:土木,爱好:音乐 动漫,标签:技术大牛 镇圈大佬 社交牛逼症"
86,"性别:男,年级:大二,专业:医学,爱好:骑行 围棋,标签:高冷 社恐星人 早睡早起"
87,"性别:男,年级:大三,专业:计算机,爱好:羽毛球 剪纸 舞蹈 绘画,标签:高冷 技术大牛 早睡早起"
88,"性别:女,年级:博士,专业:计算机,爱好:骑行 羽毛球 编程 音乐,标签:宅属性 吃货 社恐星人"
89,"性别:女,年级:博士,专业:会计,爱好:天文 围棋 骑行 跑步,标签:熬夜的神 技术大牛 社恐星人 可爱"
90,"性别:男,年级:大四,专业:计算机,爱好:动漫 种植,标签:段子手 高冷 镇圈大佬 社恐星人"
91,"性别:男,年级:研一,专业:通信,爱好:舞蹈 跑步 羽毛球 围棋,标签:高冷 社交牛逼症 作息规律"
92,"性别:女,年级:研三,专业:美术,爱好:羽毛球 围棋 编程 跑步 剪纸,标签:高冷 技术大牛 镇圈大佬 社恐星人"
93,"性别:女,年级:研一,专业:英语,爱好:动漫 足球 机械,标签:高冷"
94,"性别:女,年级:大四,专业:新闻,爱好:骑行,标签:宅属性 社恐星人 作息规律"
95,"性别:男,年级:研三,专业:新闻,爱好:音乐,标签:宅属性 吃货 社交牛逼症 早睡早起"
96,"性别:男,年级:大三,专业:医学,爱好:种植 围棋 舞蹈 编程,标签:高冷 镇圈大佬 运动达人 作息规律"
97,"性别:女,年级:研二,专业:法学,爱好:天文 编程 缝纫,标签:高冷 技术大牛 社恐星人 运动达人"
98,"性别:女,年级:大三,专业:通信,爱好:动漫 骑行 机械 剪纸,标签:技术大牛 社恐星人 可爱"
99,"性别:男,年级:大一,专业:生物,爱好:羽毛球 围棋 音乐,标签:无标签"
100,"性别:女,年级:研三,专业:医学,爱好:机械 音乐 羽毛球,标签:温和 技术大牛 社恐星人 作息规律"
101,"性别:女,年级:研一,专业:土木,爱好:足球 剪纸 舞蹈 骑行 编程,标签:技术大牛 镇圈大佬 可爱"
102,"性别:男,年级:研三,专业:医学,爱好:舞蹈 羽毛球 种植,标签:社恐星人 可爱 早睡早起 段子手 吃货"
103,"性别:女,年级:大四,专业:土木,爱好:骑行 舞蹈,标签:作息规律"
104,"性别:女,年级:研一,专业:计算机,爱好:剪纸 舞蹈 绘画 围棋 羽毛球,标签:社交普通型 宅属性 吃货 作息规律"
105,"性别:女,年级:研二,专业:英语,爱好:编程,标签:高冷 作息规律"
106,"性别:男,年级:研三,专业:计算机,爱好:种植 动漫,标签:技术大牛 可爱 作息规律 社交牛逼症 段子手"
107,"性别:女,年级:大三,专业:医学,爱好:缝纫,标签:社恐星人 作息规律"
108,"性别:女,年级:研三,专业:美术,爱好:骑行 动漫,标签:社恐星人"
109,"性别:男,年级:大一,专业:美术,爱好:绘画,标签:段子手 可爱"
110,"性别:男,年级:大四,专业:体育,爱好:种植 足球 编程 缝纫 跑步,标签:社恐星人"
111,"性别:男,年级:研二,专业:通信,爱好:足球 绘画 围棋,标签:段子手 高冷 技术大牛"
112,"性别:女,年级:研一,专业:英语,爱好:音乐,标签:高冷 吃货 作息规律 宅属性"
113,"性别:女,年级:研二,专业:生物,爱好:动漫 天文 围棋 机械 编程,标签:宅属性 技术大牛 熬夜的神 社交牛逼症 吃货"
114,"性别:女,年级:大四,专业:新闻,爱好:音乐 围棋 绘画,标签:镇圈大佬 早睡早起"
115,"性别:女,年级:研三,专业:医学,爱好:舞蹈 围棋,标签:社交普通型"
116,"性别:男,年级:研一,专业:医学,爱好:围棋 舞蹈 跑步 编程,标签:熬夜的神 镇圈大佬 吃货 社交牛逼症"
117,"性别:女,年级:研一,专业:电气,爱好:天文,标签:熬夜的神"
118,"性别:女,年级:研一,专业:英语,爱好:足球,标签:宅属性 段子手 可爱 社交普通型 镇圈大佬"
119,"性别:女,年级:研一,专业:生物,爱好:缝纫 动漫 足球 种植 绘画,标签:段子手 镇圈大佬"
120,"性别:男,年级:研一,专业:电气,爱好:编程 种植 机械 绘画 骑行,标签:社恐星人 早睡早起"
121,"性别:男,年级:大四,专业:美术,爱好:舞蹈,标签:社交普通型 高冷 作息规律"
122,"性别:女,年级:大四,专业:美术,爱好:缝纫 编程,标签:宅属性 吃货 社交牛逼症"
123,"性别:女,年级:大一,专业:计算机,爱好:舞蹈 编程,标签:镇圈大佬 运动达人"
124,"性别:男,年级:大一,专业:法学,爱好:动漫,标签:温和"
125,"性别:男,年级:研一,专业:电气,爱好:编程 围棋 天文,标签:运动达人"
126,"性别:男,年级:研三,专业:电气,爱好:机械 编程 音乐 羽毛球 跑步,标签:社交普通型"
127,"性别:男,年级:研二,专业:新闻,爱好:羽毛球 舞蹈,标签:宅属性 高冷 作息规律 段子手 镇圈大佬 吃货"
128,"性别:女,年级:大二,专业:法学,爱好:编程 天文 动漫,标签:社交普通型"
129,"性别:女,年级:研一,专业:土木,爱好:跑步 羽毛球 编程 种植,标签:社交普通型"
130,"性别:女,年级:研一,专业:医学,爱好:围棋 动漫 骑行,标签:温和 熬夜的神 社交牛逼症"
131,"性别:男,年级:研一,专业:体育,爱好:动漫 缝纫 音乐 机械,标签:熬夜的神 社恐星人"
132,"性别:女,年级:大四,专业:电气,爱好:剪纸 天文 音乐 机械,标签:运动达人 镇圈大佬 社交牛逼症 作息规律"
133,"性别:女,年级:大四,专业:医学,爱好:围棋,标签:段子手 镇圈大佬"
134,"性别:女,年级:博士,专业:计算机,爱好:绘画 足球 跑步,标签:社交牛逼症 作息规律"
135,"性别:男,年级:博士,专业:新闻,爱好:绘画 羽毛球 足球 缝纫 音乐,标签:宅属性 社交牛逼症 早睡早起"
136,"性别:男,年级:大二,专业:体育,爱好:剪纸 缝纫,标签:运动达人 作息规律"
137,"性别:男,年级:博士,专业:通信,爱好:羽毛球,标签:可爱 作息规律"
138,"性别:女,年级:大三,专业:体育,爱好:跑步 足球 骑行 缝纫 剪纸,标签:社恐星人 可爱"
139,"性别:女,年级:研三,专业:通信,爱好:天文,标签:社恐星人"
140,"性别:男,年级:研三,专业:土木,爱好:缝纫 羽毛球 足球 天文,标签:社恐星人"
141,"性别:男,年级:大三,专业:新闻,爱好:天文 剪纸,标签:社交牛逼症 早睡早起"
142,"性别:男,年级:大二,专业:英语,爱好:足球 种植 舞蹈,标签:社交普通型 熬夜的神 技术大牛"
143,"性别:女,年级:研三,专业:医学,爱好:动漫 缝纫 跑步 骑行 天文,标签:宅属性 吃货 社恐星人"
144,"性别:女,年级:大一,专业:会计,爱好:跑步 绘画 种植 音乐,标签:无标签"
145,"性别:男,年级:研二,专业:美术,爱好:跑步 动漫 音乐,标签:段子手 高冷 镇圈大佬 早睡早起"
146,"性别:男,年级:博士,专业:电气,爱好:舞蹈 剪纸 足球 绘画,标签:吃货 早睡早起"
147,"性别:女,年级:研二,专业:医学,爱好:种植 羽毛球 音乐 舞蹈 跑步,标签:运动达人 可爱"
148,"性别:女,年级:大四,专业:新闻,爱好:动漫 机械,标签:熬夜的神"
149,"性别:女,年级:研二,专业:医学,爱好:围棋 足球,标签:温和 早睡早起"
150,"性别:女,年级:博士,专业:医学,爱好:剪纸 羽毛球 舞蹈 音乐,标签:段子手 技术大牛 可爱"
151,"性别:女,年级:研三,专业:美术,爱好:绘画 机械 羽毛球 缝纫 舞蹈,标签:宅属性 社恐星人 可爱"
152,"性别:女,年级:研一,专业:电气,爱好:剪纸,标签:段子手 高冷 吃货 作息规律"
153,"性别:女,年级:大三,专业:计算机,爱好:天文 骑行 剪纸,标签:吃货 社交牛逼症 作息规律"
154,"性别:女,年级:博士,专业:生物,爱好:缝纫 围棋 绘画,标签:宅属性 社恐星人 作息规律"
155,"性别:男,年级:大三,专业:法学,爱好:机械 跑步 围棋 缝纫,标签:宅属性 技术大牛 社交普通型 镇圈大佬 吃货"
156,"性别:男,年级:大四,专业:生物,爱好:剪纸 骑行,标签:运动达人 作息规律"
157,"性别:女,年级:研二,专业:法学,爱好:缝纫,标签:高冷 作息规律"
158,"性别:男,年级:大四,专业:土木,爱好:羽毛球 天文,标签:社交牛逼症 运动达人"
159,"性别:男,年级:大一,专业:生物,爱好:音乐 动漫,标签:社交普通型 可爱 早睡早起"
160,"性别:女,年级:大一,专业:电气,爱好:足球 骑行,标签:无标签"
161,"性别:女,年级:大二,专业:计算机,爱好:跑步 缝纫 音乐 围棋,标签:可爱 宅属性 运动达人 作息规律"
162,"性别:女,年级:大一,专业:美术,爱好:围棋,标签:技术大牛 高冷 社恐星人 早睡早起 镇圈大佬"
163,"性别:男,年级:博士,专业:法学,爱好:机械,标签:宅属性 吃货 社交牛逼症"
164,"性别:女,年级:研一,专业:土木,爱好:缝纫,标签:可爱 早睡早起"
165,"性别:女,年级:博士,专业:通信,爱好:跑步 动漫 足球 围棋 绘画,标签:社交普通型"
166,"性别:男,年级:大一,专业:新闻,爱好:足球,标签:宅属性 技术大牛 运动达人 可爱"
167,"性别:男,年级:大二,专业:法学,爱好:围棋 音乐 剪纸,标签:镇圈大佬"
168,"性别:男,年级:研一,专业:电气,爱好:剪纸 动漫 种植 骑行 跑步,标签:社交普通型 早睡早起"
169,"性别:男,年级:大一,专业:法学,爱好:绘画 骑行,标签:技术大牛 镇圈大佬 社恐星人"
170,"性别:男,年级:大三,专业:新闻,爱好:围棋 编程,标签:段子手 镇圈大佬 社恐星人"
171,"性别:男,年级:大二,专业:通信,爱好:羽毛球 围棋,标签:社交普通型 高冷"
172,"性别:男,年级:博士,专业:英语,爱好:足球,标签:温和 社恐星人"
173,"性别:男,年级:大二,专业:电气,爱好:绘画,标签:段子手 宅属性 镇圈大佬 吃货"
174,"性别:女,年级:大三,专业:计算机,爱好:剪纸 种植 足球 动漫 音乐,标签:段子手 镇圈大佬 可爱"
175,"性别:女,年级:博士,专业:会计,爱好:天文 羽毛球 足球,标签:熬夜的神"
176,"性别:女,年级:研二,专业:土木,爱好:缝纫 种植 编程 舞蹈,标签:宅属性 社恐星人"
177,"性别:女,年级:大四,专业:医学,爱好:绘画 舞蹈 编程,标签:社交普通型 段子手 吃货"
178,"性别:男,年级:博士,专业:法学,爱好:羽毛球 围棋,标签:熬夜的神 运动达人 可爱"
179,"性别:女,年级:大四,专业:医学,爱好:足球 舞蹈,标签:段子手 熬夜的神 镇圈大佬"
180,"性别:男,年级:博士,专业:通信,爱好:动漫 天文 绘画 音乐 骑行,标签:宅属性 社恐星人 可爱 作息规律 段子手"
181,"性别:男,年级:研二,专业:土木,爱好:舞蹈 剪纸 天文 围棋 缝纫,标签:可爱 作息规律"
182,"性别:女,年级:博士,专业:计算机,爱好:种植 绘画 缝纫 音乐,标签:镇圈大佬 运动达人"
183,"性别:男,年级:博士,专业:通信,爱好:音乐 骑行,标签:技术大牛 吃货"
184,"性别:男,年级:大四,专业:电气,爱好:跑步,标签:可爱 技术大牛 社恐星人 早睡早起"
185,"性别:男,年级:大三,专业:通信,爱好:跑步,标签:社恐星人 运动达人 作息规律"
186,"性别:女,年级:博士,专业:体育,爱好:骑行 动漫 天文 种植 舞蹈,标签:温和 熬夜的神"
187,"性别:男,年级:研二,专业:土木,爱好:围棋,标签:社恐星人 作息规律"
188,"性别:男,年级:大一,专业:法学,爱好:动漫 编程 骑行 绘画 足球,标签:熬夜的神 可爱"
189,"性别:男,年级:研三,专业:医学,爱好:种植 骑行 机械,标签:宅属性 技术大牛 镇圈大佬 吃货"
190,"性别:男,年级:研一,专业:英语,爱好:剪纸 绘画,标签:社交普通型 高冷 吃货 宅属性"
191,"性别:男,年级:博士,专业:生物,爱好:天文 剪纸 围棋,标签:宅属性 可爱 作息规律 社交牛逼症 吃货"
192,"性别:男,年级:研三,专业:电气,爱好:绘画 舞蹈 骑行 天文,标签:镇圈大佬 社恐星人 运动达人 可爱"
193,"性别:男,年级:博士,专业:新闻,爱好:音乐 羽毛球 舞蹈 骑行 天文,标签:宅属性 镇圈大佬 吃货 运动达人"
194,"性别:男,年级:大一,专业:生物,爱好:种植 音乐 舞蹈,标签:可爱 早睡早起"
195,"性别:男,年级:研一,专业:土木,爱好:机械 种植,标签:温和 吃货 宅属性"
196,"性别:男,年级:研三,专业:美术,爱好:天文 机械 围棋 种植,标签:温和 早睡早起"
197,"性别:女,年级:研二,专业:新闻,爱好:足球,标签:运动达人 可爱"
198,"性别:女,年级:大四,专业:生物,爱好:缝纫 骑行 足球,标签:段子手 高冷 运动达人 作息规律"
199,"性别:女,年级:博士,专业:新闻,爱好:骑行 种植 天文 动漫 音乐,标签:社交普通型"
200,"性别:男,年级:研二,专业:通信,爱好:足球,标签:可爱 吃货 社交牛逼症 作息规律"
201,"性别:女,年级:大二,专业:美术,爱好:缝纫,标签:技术大牛 社交牛逼症 可爱"
202,"性别:女,年级:研三,专业:计算机,爱好:绘画 机械 足球 跑步 围棋,标签:社恐星人 运动达人"
203,"性别:男,年级:研二,专业:电气,爱好:羽毛球 足球 围棋 种植,标签:早睡早起"
204,"性别:女,年级:大三,专业:法学,爱好:种植 足球 舞蹈 音乐 绘画,标签:社交普通型 宅属性 段子手"
205,"性别:女,年级:大三,专业:医学,爱好:剪纸 机械 围棋 音乐 跑步,标签:镇圈大佬 吃货 运动达人 早睡早起"
206,"性别:女,年级:研二,专业:医学,爱好:绘画 编程 缝纫 天文,标签:作息规律"
207,"性别:女,年级:博士,专业:会计,爱好:音乐 围棋 天文,标签:宅属性 技术大牛 运动达人 温和 社交普通型"
208,"性别:男,年级:大一,专业:美术,爱好:剪纸 围棋 音乐 绘画,标签:社交普通型 高冷"
209,"性别:男,年级:研二,专业:计算机,爱好:骑行 编程 跑步,标签:社交普通型 宅属性 吃货"
210,"性别:女,年级:研一,专业:电气,爱好:剪纸,标签:可爱 社交牛逼症 早睡早起"
211,"性别:男,年级:大三,专业:体育,爱好:缝纫 机械 舞蹈 剪纸,标签:温和 吃货 社恐星人 宅属性"
212,"性别:男,年级:大四,专业:医学,爱好:种植 绘画,标签:吃货 可爱"
213,"性别:男,年级:大三,专业:计算机,爱好:绘画 围棋 骑行 剪纸 编程,标签:社恐星人"
214,"性别:男,年级:大四,专业:新闻,爱好:缝纫 足球 动漫 围棋 剪纸,标签:高冷 吃货 宅属性"
215,"性别:男,年级:博士,专业:法学,爱好:动漫 音乐 种植,标签:高冷"
216,"性别:男,年级:研二,专业:通信,爱好:种植 音乐,标签:早睡早起"
217,"性别:女,年级:大二,专业:会计,爱好:种植 骑行 足球 舞蹈,标签:社交牛逼症 运动达人"
218,"性别:女,年级:博士,专业:新闻,爱好:足球 跑步,标签:熬夜的神 可爱"
219,"性别:女,年级:大二,专业:新闻,爱好:天文 机械 舞蹈,标签:社交普通型 高冷 熬夜的神"
220,"性别:女,年级:博士,专业:医学,爱好:绘画 骑行 围棋,标签:可爱"
221,"性别:男,年级:博士,专业:土木,爱好:动漫 剪纸 音乐 足球 机械,标签:技术大牛 温和 熬夜的神 社交牛逼症 镇圈大佬"
222,"性别:男,年级:博士,专业:法学,爱好:围棋,标签:无标签"
223,"性别:男,年级:大一,专业:会计,爱好:跑步,标签:早睡早起"
224,"性别:女,年级:研一,专业:生物,爱好:围棋 种植 缝纫,标签:段子手 高冷 社恐星人"
225,"性别:男,年级:研二,专业:通信,爱好:足球 编程 种植,标签:社交普通型 宅属性 技术大牛 吃货"
226,"性别:男,年级:大二,专业:生物,爱好:音乐 羽毛球 足球 绘画 缝纫,标签:社交普通型 镇圈大佬 运动达人 可爱"
227,"性别:女,年级:研三,专业:医学,爱好:剪纸,标签:段子手 熬夜的神"
228,"性别:女,年级:大四,专业:法学,爱好:足球 种植 缝纫,标签:宅属性 作息规律"
229,"性别:女,年级:研一,专业:土木,爱好:种植 舞蹈 机械 缝纫 音乐,标签:宅属性 可爱 熬夜的神 段子手 镇圈大佬"
230,"性别:女,年级:大三,专业:美术,爱好:足球 编程,标签:宅属性 熬夜的神 吃货 技术大牛"
231,"性别:男,年级:大四,专业:法学,爱好:羽毛球 舞蹈 绘画 足球 骑行,标签:社交普通型 吃货 作息规律"
232,"性别:男,年级:博士,专业:美术,爱好:天文 绘画 骑行 动漫,标签:温和 作息规律"
233,"性别:女,年级:大一,专业:通信,爱好:编程 缝纫 剪纸 羽毛球 天文,标签:温和 早睡早起"
234,"性别:女,年级:大二,专业:土木,爱好:羽毛球 动漫 机械 缝纫,标签:熬夜的神 可爱"
235,"性别:男,年级:博士,专业:生物,爱好:编程,标签:温和 社恐星人 作息规律"
236,"性别:男,年级:大二,专业:法学,爱好:围棋 绘画,标签:宅属性 技术大牛 吃货 可爱"
237,"性别:女,年级:研三,专业:生物,爱好:跑步 编程 围棋,标签:宅属性 运动达人 社交牛逼症 镇圈大佬 吃货"
238,"性别:女,年级:大一,专业:医学,爱好:编程 缝纫 骑行,标签:技术大牛 镇圈大佬"
239,"性别:男,年级:博士,专业:土木,爱好:种植 舞蹈,标签:段子手 高冷 技术大牛 社恐星人"
240,"性别:女,年级:研一,专业:通信,爱好:足球 天文 种植,标签:宅属性 吃货"
241,"性别:男,年级:大一,专业:会计,爱好:围棋 骑行 羽毛球 动漫 编程,标签:温和"
242,"性别:女,年级:大一,专业:会计,爱好:动漫 种植 编程,标签:熬夜的神 吃货"
243,"性别:男,年级:研二,专业:土木,爱好:天文 剪纸 机械 羽毛球 编程,标签:技术大牛 社恐星人 运动达人 可爱"
244,"性别:男,年级:大二,专业:电气,爱好:机械,标签:运动达人 早睡早起 温和 社交牛逼症 镇圈大佬"
245,"性别:女,年级:博士,专业:新闻,爱好:羽毛球 舞蹈 足球 骑行,标签:可爱 段子手 镇圈大佬 早睡早起"
246,"性别:女,年级:博士,专业:法学,爱好:骑行,标签:高冷 技术大牛 社恐星人"
247,"性别:女,年级:大三,专业:土木,爱好:足球 跑步 编程 羽毛球,标签:社交牛逼症"
248,"性别:男,年级:研一,专业:法学,爱好:机械 绘画,标签:高冷 作息规律"
249,"性别:女,年级:大三,专业:会计,爱好:羽毛球,标签:段子手"
250,"性别:女,年级:大一,专业:英语,爱好:骑行 种植,标签:温和 社恐星人"
251,"性别:女,年级:大三,专业:医学,爱好:缝纫 舞蹈 编程 跑步,标签:社交普通型 作息规律"
252,"性别:女,年级:大三,专业:法学,爱好:羽毛球 舞蹈 机械 跑步 动漫,标签:社恐星人 作息规律"
253,"性别:女,年级:博士,专业:会计,爱好:种植 跑步 绘画,标签:高冷 社恐星人"
254,"性别:男,年级:研一,专业:医学,爱好:种植,标签:段子手 可爱 早睡早起 社交普通型 吃货"
255,"性别:男,年级:研三,专业:计算机,爱好:羽毛球 足球 绘画 种植,标签:温和 社交牛逼症 早睡早起"
256,"性别:男,年级:研二,专业:电气,爱好:天文 绘画,标签:温和 熬夜的神 社恐星人"
257,"性别:男,年级:大一,专业:新闻,爱好:天文,标签:熬夜的神"
258,"性别:女,年级:大二,专业:计算机,爱好:音乐 机械 编程,标签:宅属性 熬夜的神 吃货"
259,"性别:女,年级:大四,专业:会计,爱好:音乐,标签:无标签"
260,"性别:男,年级:大四,专业:法学,爱好:骑行 跑步 动漫,标签:温和"
261,"性别:女,年级:博士,专业:英语,爱好:跑步 舞蹈 足球 机械 天文,标签:熬夜的神"
262,"性别:女,年级:大四,专业:计算机,爱好:舞蹈,标签:高冷 社交牛逼症"
263,"性别:男,年级:研一,专业:会计,爱好:绘画 足球 动漫,标签:高冷 技术大牛 社恐星人 早睡早起"
264,"性别:男,年级:大二,专业:计算机,爱好:跑步 天文 足球,标签:宅属性 温和 熬夜的神 社交普通型 吃货"
265,"性别:女,年级:研二,专业:体育,爱好:缝纫 绘画 种植,标签:宅属性 吃货"
266,"性别:女,年级:大三,专业:生物,爱好:缝纫 舞蹈 编程,标签:段子手 宅属性 技术大牛 早睡早起"
267,"性别:男,年级:大三,专业:法学,爱好:绘画,标签:温和 熬夜的神 镇圈大佬"
268,"性别:男,年级:博士,专业:英语,爱好:足球 绘画 种植 舞蹈 编程,标签:段子手 温和 运动达人 早睡早起"
269,"性别:男,年级:研三,专业:会计,爱好:动漫 机械 舞蹈 羽毛球 绘画,标签:社交普通型 镇圈大佬 运动达人"
270,"性别:男,年级:研三,专业:美术,爱好:动漫,标签:早睡早起"
271,"性别:女,年级:大一,专业:医学,爱好:围棋,标签:社交普通型 可爱"
272,"性别:女,年级:研一,专业:通信,爱好:舞蹈 羽毛球 剪纸 天文 缝纫,标签:社交普通型 作息规律"
273,"性别:女,年级:博士,专业:英语,爱好:跑步 绘画 机械,标签:社交普通型 熬夜的神 镇圈大佬 运动达人"
274,"性别:男,年级:大三,专业:生物,爱好:编程,标签:温和 熬夜的神"
275,"性别:男,年级:博士,专业:电气,爱好:音乐,标签:熬夜的神"
276,"性别:男,年级:大三,专业:体育,爱好:天文 围棋 舞蹈,标签:高冷 吃货 宅属性"
277,"性别:女,年级:博士,专业:法学,爱好:机械 音乐 缝纫,标签:社交普通型 运动达人"
278,"性别:男,年级:研一,专业:计算机,爱好:天文 足球 骑行,标签:高冷 技术大牛 运动达人"
279,"性别:女,年级:大一,专业:英语,爱好:剪纸 缝纫 编程 骑行,标签:宅属性 技术大牛 段子手 社交普通型 吃货"
280,"性别:女,年级:研二,专业:电气,爱好:动漫,标签:技术大牛 镇圈大佬 作息规律"
281,"性别:男,年级:研三,专业:计算机,爱好:种植 编程,标签:可爱 早睡早起"
282,"性别:女,年级:研三,专业:医学,爱好:跑步 绘画 足球 缝纫,标签:段子手 宅属性 早睡早起"
283,"性别:女,年级:研二,专业:计算机,爱好:天文,标签:宅属性 熬夜的神 吃货 运动达人"
284,"性别:男,年级:大二,专业:体育,爱好:编程 足球,标签:熬夜的神 吃货"
285,"性别:男,年级:大三,专业:生物,爱好:种植 羽毛球,标签:段子手 技术大牛 社交牛逼症"
286,"性别:女,年级:博士,专业:计算机,爱好:编程 跑步 天文 剪纸 种植,标签:社交普通型 温和 吃货 宅属性"
287,"性别:女,年级:博士,专业:医学,爱好:绘画 剪纸 编程,标签:作息规律"
288,"性别:男,年级:大一,专业:土木,爱好:舞蹈 天文,标签:社交普通型 宅属性 吃货"
289,"性别:女,年级:博士,专业:会计,爱好:围棋 缝纫 足球 天文 机械,标签:宅属性 技术大牛 吃货 运动达人"
290,"性别:男,年级:大三,专业:通信,爱好:编程 跑步 骑行,标签:社交普通型 宅属性 早睡早起"
291,"性别:男,年级:研一,专业:计算机,爱好:机械 剪纸,标签:技术大牛 运动达人"
292,"性别:女,年级:研一,专业:电气,爱好:机械 剪纸 种植,标签:宅属性 可爱 作息规律 社交普通型 吃货"
293,"性别:男,年级:大四,专业:计算机,爱好:缝纫 羽毛球 骑行,标签:温和 熬夜的神 社恐星人 吃货"
294,"性别:女,年级:大二,专业:英语,爱好:羽毛球 音乐 足球 绘画 围棋,标签:段子手 早睡早起"
295,"性别:女,年级:研三,专业:通信,爱好:剪纸 绘画 围棋,标签:早睡早起"
296,"性别:女,年级:博士,专业:美术,爱好:缝纫 围棋 足球 跑步,标签:宅属性"
297,"性别:男,年级:博士,专业:美术,爱好:剪纸,标签:段子手 技术大牛 作息规律"
298,"性别:男,年级:研三,专业:医学,爱好:音乐 种植 绘画 骑行 剪纸,标签:作息规律"
299,"性别:男,年级:大二,专业:通信,爱好:足球 剪纸 跑步 编程 天文,标签:高冷"
300,"性别:男,年级:大三,专业:美术,爱好:缝纫 剪纸 绘画 天文 围棋,标签:高冷"
301,"性别:男,年级:博士,专业:医学,爱好:羽毛球 足球,标签:高冷"
302,"性别:男,年级:研一,专业:美术,爱好:机械,标签:镇圈大佬 运动达人"
303,"性别:女,年级:研一,专业:电气,爱好:动漫 跑步 剪纸 绘画 舞蹈,标签:宅属性 吃货 早睡早起"
304,"性别:男,年级:博士,专业:会计,爱好:种植 绘画,标签:社交牛逼症"
305,"性别:男,年级:大一,专业:体育,爱好:羽毛球,标签:社恐星人 运动达人"
306,"性别:男,年级:大二,专业:体育,爱好:缝纫 机械 动漫,标签:技术大牛 社恐星人 可爱 早睡早起 段子手"
307,"性别:男,年级:研一,专业:体育,爱好:舞蹈 编程 围棋 跑步 足球,标签:技术大牛 社交牛逼症 运动达人"
308,"性别:女,年级:大二,专业:会计,爱好:动漫 音乐 种植 围棋 剪纸,标签:社交普通型 段子手"
309,"性别:女,年级:研二,专业:通信,爱好:跑步 音乐,标签:社交牛逼症"
310,"性别:女,年级:大四,专业:生物,爱好:绘画,标签:高冷 吃货"
311,"性别:女,年级:博士,专业:英语,爱好:足球 跑步,标签:社交牛逼症 早睡早起"
312,"性别:女,年级:研一,专业:医学,爱好:编程 羽毛球 舞蹈 天文,标签:高冷 运动达人 作息规律 社交牛逼症 段子手"
313,"性别:女,年级:研一,专业:体育,爱好:骑行 种植 动漫,标签:社交牛逼症"
314,"性别:女,年级:大一,专业:生物,爱好:编程 缝纫 绘画 剪纸 羽毛球,标签:社交普通型"
315,"性别:男,年级:研一,专业:新闻,爱好:骑行,标签:段子手 技术大牛 早睡早起"
316,"性别:男,年级:大一,专业:体育,爱好:动漫 编程,标签:宅属性 社恐星人 作息规律"
317,"性别:女,年级:大一,专业:电气,爱好:跑步 羽毛球,标签:宅属性 高冷 早睡早起 镇圈大佬 吃货"
318,"性别:男,年级:研一,专业:英语,爱好:种植,标签:可爱"
319,"性别:女,年级:研一,专业:会计,爱好:编程 剪纸,标签:高冷 镇圈大佬"
320,"性别:男,年级:研一,专业:新闻,爱好:缝纫,标签:段子手 熬夜的神 技术大牛"
321,"性别:女,年级:研二,专业:美术,爱好:羽毛球 音乐 编程 天文 动漫,标签:社交普通型 高冷 技术大牛 段子手"
322,"性别:女,年级:大二,专业:通信,爱好:缝纫 跑步 音乐,标签:社交普通型 高冷"
323,"性别:男,年级:博士,专业:通信,爱好:围棋 舞蹈 缝纫 剪纸,标签:宅属性 吃货 社交牛逼症"
324,"性别:男,年级:研一,专业:体育,爱好:围棋 跑步 剪纸 编程,标签:社交普通型 温和"
325,"性别:男,年级:大四,专业:计算机,爱好:骑行 舞蹈 围棋 音乐 足球,标签:宅属性 镇圈大佬 运动达人"
326,"性别:女,年级:研三,专业:通信,爱好:种植 动漫 骑行,标签:运动达人"
327,"性别:男,年级:博士,专业:通信,爱好:跑步 骑行 天文,标签:段子手 温和 运动达人"
328,"性别:男,年级:大一,专业:会计,爱好:足球 种植 动漫 舞蹈,标签:段子手"
329,"性别:女,年级:研二,专业:通信,爱好:剪纸,标签:段子手 技术大牛 社恐星人 早睡早起"
330,"性别:男,年级:研一,专业:医学,爱好:音乐 动漫 种植,标签:无标签"
331,"性别:女,年级:大一,专业:英语,爱好:足球 音乐 机械 跑步,标签:无标签"
332,"性别:女,年级:大一,专业:法学,爱好:机械 舞蹈 羽毛球 剪纸 缝纫,标签:高冷 作息规律 宅属性"
333,"性别:男,年级:研三,专业:通信,爱好:机械 种植 天文 动漫,标签:温和 吃货"
334,"性别:男,年级:大四,专业:电气,爱好:剪纸,标签:段子手 运动达人"
335,"性别:女,年级:大一,专业:医学,爱好:音乐 足球 天文,标签:社交普通型 技术大牛"
336,"性别:男,年级:研一,专业:法学,爱好:机械 羽毛球 跑步 围棋,标签:技术大牛 吃货 社交牛逼症"
337,"性别:女,年级:大一,专业:电气,爱好:绘画 音乐 跑步 种植 缝纫,标签:高冷 作息规律"
338,"性别:女,年级:研三,专业:英语,爱好:剪纸 绘画 机械 足球,标签:宅属性 吃货"
339,"性别:男,年级:大三,专业:生物,爱好:编程 羽毛球 舞蹈 天文,标签:熬夜的神 吃货 可爱"
340,"性别:男,年级:大二,专业:美术,爱好:动漫 缝纫,标签:段子手"
341,"性别:男,年级:大一,专业:生物,爱好:缝纫 绘画 编程,标签:技术大牛 运动达人"
342,"性别:女,年级:研三,专业:体育,爱好:天文 种植,标签:宅属性 早睡早起 温和 社交普通型 吃货"
343,"性别:男,年级:研三,专业:生物,爱好:缝纫 围棋 天文,标签:宅属性 吃货 社交牛逼症 可爱"
344,"性别:女,年级:研二,专业:电气,爱好:缝纫,标签:作息规律"
345,"性别:男,年级:博士,专业:美术,爱好:骑行,标签:社交牛逼症"
346,"性别:男,年级:博士,专业:电气,爱好:缝纫,标签:段子手 可爱 运动达人 早睡早起 社交普通型"
347,"性别:男,年级:研二,专业:土木,爱好:绘画 动漫,标签:早睡早起"
348,"性别:女,年级:博士,专业:体育,爱好:机械 骑行 舞蹈 跑步,标签:社交普通型 吃货 运动达人 早睡早起"
349,"性别:男,年级:大一,专业:新闻,爱好:编程 动漫 足球 机械 种植,标签:宅属性 作息规律 运动达人 社交牛逼症 镇圈大佬 吃货"
350,"性别:男,年级:大二,专业:土木,爱好:骑行 缝纫 羽毛球,标签:高冷 技术大牛"
351,"性别:女,年级:大一,专业:土木,爱好:跑步 音乐 舞蹈 绘画 足球,标签:技术大牛 社交牛逼症"
352,"性别:女,年级:大一,专业:电气,爱好:围棋 跑步 机械,标签:温和 社恐星人 运动达人"
353,"性别:女,年级:研一,专业:电气,爱好:编程,标签:社交普通型 高冷 镇圈大佬 运动达人"
354,"性别:女,年级:大四,专业:体育,爱好:足球 缝纫 天文 绘画 机械,标签:宅属性 技术大牛 社恐星人 可爱 作息规律 镇圈大佬 吃货"
355,"性别:男,年级:研一,专业:计算机,爱好:天文 编程 缝纫 跑步,标签:宅属性 吃货 社交牛逼症 运动达人"
356,"性别:女,年级:大二,专业:美术,爱好:跑步 编程 舞蹈 种植 绘画,标签:无标签"
357,"性别:男,年级:大一,专业:会计,爱好:剪纸 缝纫 编程 天文 种植,标签:温和 吃货 宅属性"
358,"性别:女,年级:研二,专业:通信,爱好:骑行,标签:宅属性 吃货"
359,"性别:男,年级:大一,专业:生物,爱好:种植 羽毛球 缝纫 机械 骑行,标签:宅属性 吃货 可爱"
360,"性别:男,年级:大二,专业:医学,爱好:足球 种植 绘画 天文,标签:宅属性 高冷 早睡早起 段子手 吃货"
361,"性别:女,年级:大四,专业:美术,爱好:缝纫 跑步 机械 足球 编程,标签:高冷 社交牛逼症 作息规律"
362,"性别:男,年级:大二,专业:计算机,爱好:机械,标签:高冷"
363,"性别:女,年级:研三,专业:法学,爱好:种植 天文 围棋 机械,标签:可爱 宅属性 吃货 早睡早起"
364,"性别:女,年级:大四,专业:土木,爱好:羽毛球,标签:高冷 技术大牛 社恐星人 运动达人"
365,"性别:男,年级:研一,专业:会计,爱好:跑步 绘画 机械,标签:社交普通型 熬夜的神 可爱"
366,"性别:女,年级:大四,专业:通信,爱好:足球 动漫 舞蹈 音乐,标签:社交普通型"
367,"性别:女,年级:大二,专业:英语,爱好:音乐 编程,标签:段子手 宅属性 吃货 可爱"
368,"性别:男,年级:大三,专业:法学,爱好:音乐,标签:温和 作息规律"
369,"性别:女,年级:大二,专业:体育,爱好:动漫 羽毛球,标签:社交普通型 温和 吃货 宅属性"
370,"性别:男,年级:研一,专业:医学,爱好:围棋 缝纫 剪纸,标签:社交普通型 段子手 运动达人 早睡早起"
371,"性别:女,年级:博士,专业:计算机,爱好:羽毛球,标签:宅属性 吃货"
372,"性别:女,年级:大二,专业:计算机,爱好:音乐 舞蹈 骑行 动漫,标签:宅属性 吃货 社恐星人"
373,"性别:男,年级:研三,专业:新闻,爱好:动漫 跑步 种植 机械 舞蹈,标签:熬夜的神"
374,"性别:男,年级:研三,专业:法学,爱好:剪纸 舞蹈 骑行 动漫 音乐,标签:可爱 运动达人 社交牛逼症 作息规律"
375,"性别:男,年级:博士,专业:会计,爱好:动漫 剪纸,标签:段子手 吃货"
376,"性别:男,年级:大四,专业:法学,爱好:骑行 剪纸 跑步 天文 绘画,标签:可爱 作息规律"
377,"性别:女,年级:博士,专业:英语,爱好:骑行 绘画 跑步,标签:社交普通型 熬夜的神"
378,"性别:男,年级:大一,专业:法学,爱好:天文 动漫 绘画 舞蹈,标签:熬夜的神 运动达人"
379,"性别:男,年级:大一,专业:医学,爱好:足球 机械 绘画,标签:社恐星人"
380,"性别:女,年级:研二,专业:美术,爱好:围棋 机械 音乐 羽毛球,标签:段子手 社交牛逼症"
381,"性别:男,年级:大一,专业:法学,爱好:音乐 足球 动漫 跑步,标签:段子手 技术大牛 吃货 早睡早起"
382,"性别:男,年级:大三,专业:新闻,爱好:缝纫 编程 舞蹈 围棋 足球,标签:段子手 技术大牛"
383,"性别:女,年级:研三,专业:会计,爱好:缝纫 跑步 天文 羽毛球 围棋,标签:社交普通型 温和 段子手"
384,"性别:男,年级:研二,专业:新闻,爱好:羽毛球 天文 围棋 音乐 跑步,标签:熬夜的神 社恐星人"
385,"性别:女,年级:大三,专业:生物,爱好:围棋 足球,标签:社交牛逼症 可爱"
386,"性别:男,年级:大三,专业:新闻,爱好:缝纫 羽毛球 骑行,标签:可爱 吃货 社恐星人 作息规律"
387,"性别:女,年级:研二,专业:新闻,爱好:缝纫 绘画 天文 骑行 机械,标签:宅属性 技术大牛 运动达人 社交牛逼症 吃货"
388,"性别:女,年级:研三,专业:电气,爱好:动漫 骑行 缝纫 围棋 编程,标签:宅属性 技术大牛 运动达人 可爱"
389,"性别:男,年级:博士,专业:会计,爱好:种植 缝纫,标签:温和 熬夜的神 吃货"
390,"性别:男,年级:大一,专业:通信,爱好:绘画 足球,标签:技术大牛 作息规律 温和 社交牛逼症 段子手"
391,"性别:男,年级:研三,专业:计算机,爱好:音乐 机械,标签:宅属性 吃货 社恐星人"
392,"性别:男,年级:研二,专业:新闻,爱好:种植 天文 缝纫,标签:镇圈大佬"
393,"性别:女,年级:大一,专业:土木,爱好:编程 动漫 缝纫,标签:社交普通型 可爱"
394,"性别:女,年级:研二,专业:英语,爱好:缝纫 编程 舞蹈 绘画,标签:段子手 吃货 社交牛逼症 运动达人"
395,"性别:女,年级:大二,专业:会计,爱好:编程,标签:宅属性 技术大牛 高冷 作息规律 运动达人 社交普通型 吃货"
396,"性别:女,年级:博士,专业:法学,爱好:足球,标签:无标签"
397,"性别:男,年级:研一,专业:体育,爱好:动漫 羽毛球 围棋,标签:熬夜的神 可爱"
398,"性别:男,年级:大四,专业:会计,爱好:足球 羽毛球 种植,标签:作息规律"
399,"性别:男,年级:研一,专业:医学,爱好:舞蹈 机械 足球 羽毛球 天文,标签:高冷 运动达人"
400,"性别:男,年级:研二,专业:美术,爱好:羽毛球,标签:段子手 温和 早睡早起"
401,"性别:男,年级:研二,专业:新闻,爱好:绘画 围棋 缝纫,标签:高冷 熬夜的神 吃货 宅属性"
402,"性别:女,年级:研二,专业:体育,爱好:骑行 绘画 足球 种植 机械,标签:宅属性 吃货 社恐星人 作息规律"
403,"性别:女,年级:大二,专业:土木,爱好:跑步,标签:社交普通型 段子手 镇圈大佬 早睡早起"
404,"性别:男,年级:大二,专业:新闻,爱好:绘画,标签:社交普通型 宅属性 可爱 作息规律"
405,"性别:男,年级:研三,专业:英语,爱好:剪纸 机械 缝纫 跑步,标签:技术大牛 镇圈大佬 作息规律"
406,"性别:女,年级:大二,专业:法学,爱好:羽毛球 缝纫 跑步 音乐 剪纸,标签:宅属性 吃货 社恐星人 早睡早起"
407,"性别:男,年级:博士,专业:医学,爱好:音乐 绘画 种植 缝纫,标签:宅属性 社恐星人 作息规律 温和 吃货"
408,"性别:男,年级:大二,专业:通信,爱好:动漫,标签:高冷 社交牛逼症 宅属性"
409,"性别:女,年级:大二,专业:医学,爱好:绘画 舞蹈 足球 羽毛球 缝纫,标签:高冷"
410,"性别:男,年级:大四,专业:英语,爱好:跑步 缝纫 音乐 编程,标签:宅属性 吃货"
411,"性别:女,年级:研三,专业:电气,爱好:剪纸 骑行 缝纫 舞蹈 绘画,标签:技术大牛 早睡早起"
412,"性别:女,年级:大一,专业:生物,爱好:音乐 剪纸 种植 绘画,标签:段子手 镇圈大佬"
413,"性别:男,年级:博士,专业:生物,爱好:舞蹈 剪纸,标签:社交普通型 可爱 早睡早起"
414,"性别:女,年级:大四,专业:英语,爱好:机械 缝纫 围棋 剪纸,标签:温和 技术大牛 社恐星人"
415,"性别:男,年级:大二,专业:英语,爱好:围棋 剪纸,标签:高冷 熬夜的神"
416,"性别:男,年级:大二,专业:法学,爱好:足球,标签:早睡早起"
417,"性别:女,年级:研一,专业:美术,爱好:剪纸 种植,标签:宅属性 镇圈大佬 吃货 运动达人"
418,"性别:女,年级:博士,专业:会计,爱好:绘画 足球 动漫 骑行 跑步,标签:宅属性 技术大牛 高冷 社恐星人 吃货"
419,"性别:男,年级:大三,专业:通信,爱好:骑行 编程 围棋,标签:高冷 社交牛逼症"
420,"性别:男,年级:大三,专业:新闻,爱好:舞蹈 羽毛球,标签:温和 吃货 作息规律 宅属性"
421,"性别:女,年级:研三,专业:电气,爱好:编程 骑行 跑步 缝纫 舞蹈,标签:社交普通型 高冷 早睡早起"
422,"性别:男,年级:大一,专业:英语,爱好:音乐 缝纫,标签:熬夜的神"
423,"性别:男,年级:研一,专业:英语,爱好:动漫 骑行 舞蹈 绘画 编程,标签:无标签"
424,"性别:男,年级:大二,专业:法学,爱好:种植,标签:无标签"
425,"性别:男,年级:博士,专业:英语,爱好:机械 种植 围棋,标签:高冷 吃货 宅属性"
426,"性别:女,年级:研二,专业:英语,爱好:绘画 舞蹈 编程,标签:社交普通型 熬夜的神"
427,"性别:男,年级:大三,专业:土木,爱好:舞蹈 音乐 围棋 羽毛球,标签:社交普通型 高冷 段子手 镇圈大佬"
428,"性别:女,年级:大四,专业:会计,爱好:羽毛球,标签:熬夜的神 社恐星人 技术大牛"
429,"性别:女,年级:研三,专业:电气,爱好:音乐 骑行 足球 种植 动漫,标签:段子手 镇圈大佬 社恐星人"
430,"性别:男,年级:研一,专业:计算机,爱好:机械,标签:段子手 高冷 早睡早起 社交普通型 吃货"
431,"性别:女,年级:大四,专业:英语,爱好:种植 机械 音乐 剪纸 动漫,标签:社交牛逼症 作息规律"
432,"性别:女,年级:大二,专业:英语,爱好:动漫 剪纸 跑步,标签:无标签"
433,"性别:男,年级:研二,专业:英语,爱好:机械 编程 剪纸 跑步 骑行,标签:高冷 熬夜的神 社恐星人"
434,"性别:男,年级:研二,专业:电气,爱好:天文 编程 跑步 羽毛球 围棋,标签:段子手 温和 吃货"
435,"性别:男,年级:大二,专业:通信,爱好:骑行 机械 动漫,标签:熬夜的神 社恐星人 可爱"
436,"性别:男,年级:大三,专业:电气,爱好:足球 围棋,标签:社交普通型 宅属性"
437,"性别:女,年级:博士,专业:生物,爱好:动漫 绘画,标签:可爱 作息规律"
438,"性别:女,年级:博士,专业:美术,爱好:舞蹈 骑行 羽毛球,标签:温和 吃货 早睡早起"
439,"性别:男,年级:大二,专业:英语,爱好:机械 羽毛球 编程 音乐,标签:高冷 技术大牛 社交牛逼症"
440,"性别:女,年级:研一,专业:美术,爱好:音乐 动漫 骑行 羽毛球,标签:社恐星人"
441,"性别:男,年级:研一,专业:英语,爱好:机械 足球,标签:社恐星人 作息规律"
442,"性别:女,年级:博士,专业:医学,爱好:缝纫,标签:温和 熬夜的神 社恐星人"
443,"性别:女,年级:大三,专业:新闻,爱好:种植 足球 跑步,标签:宅属性 作息规律 温和 社交牛逼症 吃货"
444,"性别:女,年级:大一,专业:美术,爱好:种植 编程 音乐 缝纫,标签:社交普通型 作息规律"
445,"性别:女,年级:研二,专业:通信,爱好:骑行 围棋 舞蹈 羽毛球 音乐,标签:高冷 镇圈大佬 运动达人"
446,"性别:女,年级:大二,专业:生物,爱好:跑步,标签:可爱 早睡早起"
447,"性别:女,年级:大四,专业:英语,爱好:围棋,标签:社交普通型 温和 技术大牛 运动达人"
448,"性别:男,年级:博士,专业:会计,爱好:剪纸 机械 缝纫,标签:温和 技术大牛 镇圈大佬"
449,"性别:女,年级:研三,专业:新闻,爱好:围棋 编程 骑行,标签:作息规律"
450,"性别:女,年级:研二,专业:英语,爱好:种植 剪纸 足球 跑步 机械,标签:熬夜的神 镇圈大佬"
451,"性别:男,年级:研三,专业:土木,爱好:舞蹈 剪纸,标签:段子手"
452,"性别:女,年级:研一,专业:新闻,爱好:机械 动漫 骑行,标签:运动达人"
453,"性别:男,年级:大三,专业:法学,爱好:缝纫,标签:运动达人 镇圈大佬 社交牛逼症 可爱"
454,"性别:女,年级:大四,专业:美术,爱好:舞蹈 种植 缝纫 音乐 天文,标签:社交普通型 高冷 早睡早起"
455,"性别:女,年级:博士,专业:电气,爱好:缝纫 绘画 跑步 剪纸 音乐,标签:熬夜的神 技术大牛 可爱"
456,"性别:女,年级:大一,专业:计算机,爱好:围棋 音乐 天文 舞蹈 骑行,标签:段子手 社恐星人"
457,"性别:女,年级:研二,专业:生物,爱好:足球,标签:段子手 镇圈大佬 作息规律"
458,"性别:女,年级:大四,专业:法学,爱好:围棋,标签:温和 镇圈大佬"
459,"性别:男,年级:大一,专业:法学,爱好:骑行 动漫 编程,标签:宅属性 技术大牛 早睡早起 段子手 吃货"
460,"性别:女,年级:大一,专业:法学,爱好:机械,标签:社交普通型 宅属性 可爱"
461,"性别:男,年级:大三,专业:医学,爱好:剪纸 天文,标签:镇圈大佬"
462,"性别:男,年级:研二,专业:法学,爱好:围棋 剪纸,标签:段子手 宅属性 镇圈大佬 吃货"
463,"性别:男,年级:研二,专业:医学,爱好:音乐 机械 围棋,标签:镇圈大佬 作息规律"
464,"性别:男,年级:大二,专业:电气,爱好:骑行 编程 跑步 动漫 足球,标签:社交普通型 宅属性"
465,"性别:男,年级:研一,专业:美术,爱好:种植 绘画 天文,标签:镇圈大佬 早睡早起"
466,"性别:男,年级:博士,专业:生物,爱好:足球 剪纸 缝纫 骑行 编程,标签:温和"
467,"性别:女,年级:博士,专业:法学,爱好:围棋 种植 剪纸 羽毛球,标签:镇圈大佬 社恐星人"
468,"性别:男,年级:研一,专业:计算机,爱好:种植 围棋 羽毛球 天文,标签:段子手 温和 熬夜的神"
469,"性别:女,年级:研三,专业:体育,爱好:跑步 缝纫 天文 骑行,标签:宅属性 吃货 早睡早起"
470,"性别:男,年级:大一,专业:通信,爱好:剪纸 动漫 机械,标签:温和 作息规律"
471,"性别:男,年级:研三,专业:医学,爱好:羽毛球 围棋,标签:高冷 技术大牛 镇圈大佬"
472,"性别:男,年级:大三,专业:通信,爱好:种植 骑行 跑步,标签:社交牛逼症"
473,"性别:女,年级:大一,专业:土木,爱好:围棋 天文,标签:宅属性 吃货"
474,"性别:女,年级:大三,专业:新闻,爱好:绘画 围棋 足球 动漫 跑步,标签:温和 社交牛逼症 运动达人"
475,"性别:女,年级:研一,专业:法学,爱好:动漫 骑行 羽毛球 天文,标签:社交普通型 高冷 作息规律"
476,"性别:男,年级:研一,专业:通信,爱好:天文 羽毛球 机械,标签:技术大牛 镇圈大佬 可爱"
477,"性别:女,年级:大二,专业:法学,爱好:骑行 剪纸 缝纫,标签:高冷 早睡早起 宅属性"
478,"性别:女,年级:博士,专业:医学,爱好:围棋,标签:无标签"
479,"性别:男,年级:大一,专业:生物,爱好:编程,标签:段子手 温和 技术大牛 社交牛逼症"
480,"性别:女,年级:研三,专业:电气,爱好:音乐,标签:温和 社交牛逼症 早睡早起 宅属性"
481,"性别:男,年级:大四,专业:美术,爱好:剪纸,标签:吃货 社恐星人 早睡早起"
482,"性别:男,年级:博士,专业:电气,爱好:跑步 天文 机械 缝纫 围棋,标签:技术大牛 社恐星人 运动达人 早睡早起 温和"
483,"性别:男,年级:博士,专业:通信,爱好:天文 种植 绘画,标签:宅属性 社交牛逼症"
484,"性别:女,年级:大四,专业:计算机,爱好:音乐,标签:宅属性 段子手 技术大牛 温和 社交普通型 吃货"
485,"性别:女,年级:博士,专业:法学,爱好:羽毛球 骑行 机械,标签:高冷 社恐星人"
486,"性别:男,年级:大一,专业:体育,爱好:羽毛球 剪纸,标签:社交普通型 宅属性 可爱"
487,"性别:男,年级:大一,专业:生物,爱好:跑步 种植 动漫 绘画,标签:社交牛逼症 早睡早起"
488,"性别:男,年级:大四,专业:英语,爱好:音乐 种植 剪纸 绘画 舞蹈,标签:吃货"
489,"性别:男,年级:大二,专业:计算机,爱好:机械 剪纸,标签:作息规律"
490,"性别:男,年级:大四,专业:英语,爱好:动漫 骑行,标签:宅属性 吃货 社恐星人"
491,"性别:女,年级:研二,专业:法学,爱好:剪纸,标签:温和 作息规律"
492,"性别:女,年级:研二,专业:通信,爱好:围棋,标签:宅属性 吃货"
493,"性别:男,年级:大一,专业:英语,爱好:骑行 缝纫 羽毛球,标签:高冷 技术大牛 作息规律"
494,"性别:男,年级:大二,专业:电气,爱好:舞蹈 围棋 跑步 音乐 羽毛球,标签:熬夜的神"
495,"性别:女,年级:大一,专业:电气,爱好:围棋 骑行 种植,标签:技术大牛 镇圈大佬 社恐星人 早睡早起"
496,"性别:男,年级:研三,专业:法学,爱好:音乐 缝纫 动漫 绘画 编程,标签:段子手 高冷 熬夜的神 社交普通型 镇圈大佬"
497,"性别:女,年级:研一,专业:会计,爱好:骑行 跑步 围棋 编程,标签:社交普通型 宅属性 段子手 运动达人"
498,"性别:女,年级:博士,专业:通信,爱好:跑步 羽毛球,标签:社交普通型"
499,"性别:男,年级:大二,专业:美术,爱好:缝纫 剪纸 动漫,标签:宅属性 镇圈大佬 吃货 可爱"
500,"性别:男,年级:研三,专业:土木,爱好:动漫,标签:社交牛逼症"
501,"性别:男,年级:研一,专业:电气,爱好:羽毛球 剪纸 音乐 足球 动漫,标签:技术大牛"
502,"性别:男,年级:大二,专业:医学,爱好:骑行 编程 舞蹈 种植 音乐,标签:无标签"
503,"性别:女,年级:大四,专业:通信,爱好:编程 绘画 羽毛球 跑步,标签:技术大牛 社恐星人 可爱 熬夜的神 段子手"
504,"性别:男,年级:大四,专业:美术,爱好:羽毛球 编程,标签:段子手 早睡早起"
505,"性别:女,年级:大二,专业:生物,爱好:编程 天文,标签:无标签"
506,"性别:女,年级:研一,专业:英语,爱好:种植 跑步 围棋 动漫,标签:社交普通型"
507,"性别:男,年级:研三,专业:会计,爱好:围棋 绘画,标签:可爱"
508,"性别:女,年级:博士,专业:生物,爱好:舞蹈 足球 动漫,标签:社交普通型 熬夜的神"
509,"性别:女,年级:大三,专业:电气,爱好:骑行 剪纸 天文,标签:社恐星人 作息规律"
510,"性别:女,年级:博士,专业:体育,爱好:编程 绘画,标签:宅属性 技术大牛 吃货 可爱"
511,"性别:女,年级:大二,专业:美术,爱好:动漫 种植 天文 绘画,标签:高冷 熬夜的神 宅属性"
512,"性别:男,年级:博士,专业:英语,爱好:围棋 天文,标签:高冷 运动达人"
513,"性别:男,年级:大一,专业:法学,爱好:骑行 机械 缝纫,标签:社恐星人 作息规律"
514,"性别:男,年级:研一,专业:新闻,爱好:绘画 天文,标签:段子手 吃货 社恐星人 早睡早起"
515,"性别:女,年级:大二,专业:电气,爱好:跑步,标签:技术大牛 吃货 可爱"
516,"性别:男,年级:研二,专业:新闻,爱好:编程 羽毛球 缝纫 音乐 天文,标签:可爱"
517,"性别:男,年级:大一,专业:计算机,爱好:种植,标签:无标签"
518,"性别:男,年级:大四,专业:法学,爱好:编程 围棋,标签:宅属性 段子手 作息规律 运动达人 温和 社交普通型 吃货"
519,"性别:女,年级:大三,专业:体育,爱好:剪纸 动漫 绘画 围棋,标签:段子手 熬夜的神 镇圈大佬"
520,"性别:女,年级:博士,专业:新闻,爱好:舞蹈 跑步,标签:镇圈大佬 早睡早起"
521,"性别:女,年级:研一,专业:英语,爱好:舞蹈 动漫 剪纸 绘画,标签:温和 运动达人 社交牛逼症 作息规律"
522,"性别:女,年级:研二,专业:生物,爱好:动漫 剪纸 编程 机械 跑步,标签:可爱 技术大牛 作息规律"
523,"性别:女,年级:博士,专业:法学,爱好:天文,标签:温和 熬夜的神 吃货 宅属性"
524,"性别:男,年级:大二,专业:计算机,爱好:天文 编程 音乐,标签:高冷 吃货 社恐星人 宅属性"
525,"性别:女,年级:博士,专业:生物,爱好:天文 围棋 缝纫 绘画,标签:段子手 技术大牛 可爱 社交普通型 吃货"
526,"性别:女,年级:大二,专业:体育,爱好:跑步 剪纸 天文,标签:温和"
527,"性别:女,年级:大四,专业:医学,爱好:足球 天文 跑步 剪纸,标签:无标签"
528,"性别:男,年级:大三,专业:通信,爱好:天文 动漫 羽毛球 跑步 绘画,标签:宅属性 吃货 社交牛逼症"
529,"性别:男,年级:大三,专业:医学,爱好:剪纸 音乐 缝纫 围棋,标签:温和 社恐星人 作息规律"
530,"性别:女,年级:大四,专业:英语,爱好:骑行,标签:宅属性 作息规律"
531,"性别:女,年级:大二,专业:体育,爱好:绘画,标签:熬夜的神"
532,"性别:女,年级:大一,专业:电气,爱好:跑步 种植 足球 骑行,标签:可爱"
533,"性别:男,年级:大二,专业:生物,爱好:围棋 羽毛球 骑行 舞蹈 剪纸,标签:熬夜的神 可爱"
534,"性别:男,年级:大二,专业:法学,爱好:剪纸 舞蹈,标签:高冷 吃货 早睡早起 宅属性"
535,"性别:女,年级:博士,专业:法学,爱好:剪纸,标签:无标签"
536,"性别:男,年级:大二,专业:美术,爱好:骑行,标签:技术大牛 高冷 社交牛逼症 镇圈大佬 吃货"
537,"性别:女,年级:大二,专业:体育,爱好:羽毛球 剪纸 天文 跑步,标签:高冷 熬夜的神 社交牛逼症"
538,"性别:女,年级:大三,专业:生物,爱好:围棋,标签:早睡早起"
539,"性别:男,年级:大三,专业:计算机,爱好:天文 编程 音乐 骑行,标签:高冷 社交牛逼症 早睡早起"
540,"性别:男,年级:大一,专业:美术,爱好:缝纫 种植,标签:高冷 早睡早起"
541,"性别:女,年级:研二,专业:会计,爱好:羽毛球 种植 缝纫,标签:技术大牛 镇圈大佬"
542,"性别:男,年级:研二,专业:通信,爱好:缝纫 剪纸 羽毛球 绘画 天文,标签:宅属性 可爱 运动达人 早睡早起 镇圈大佬"
543,"性别:男,年级:研二,专业:医学,爱好:剪纸,标签:宅属性 可爱 作息规律 社交普通型 吃货"
544,"性别:男,年级:研一,专业:计算机,爱好:缝纫 骑行,标签:社交普通型 熬夜的神"
545,"性别:女,年级:大四,专业:体育,爱好:机械 种植 动漫 跑步 羽毛球,标签:温和 作息规律"
546,"性别:女,年级:大二,专业:英语,爱好:足球,标签:镇圈大佬 社恐星人 运动达人"
547,"性别:男,年级:研二,专业:新闻,爱好:骑行 天文 足球 机械 围棋,标签:温和 社交牛逼症"
548,"性别:男,年级:大二,专业:医学,爱好:围棋,标签:温和 吃货 作息规律"
549,"性别:女,年级:大一,专业:土木,爱好:跑步,标签:温和 吃货 早睡早起"
550,"性别:女,年级:大三,专业:法学,爱好:跑步 编程,标签:社交普通型"
551,"性别:男,年级:研一,专业:医学,爱好:音乐 种植,标签:宅属性 可爱 早睡早起 段子手 吃货"
552,"性别:男,年级:研一,专业:土木,爱好:舞蹈,标签:高冷 早睡早起"
553,"性别:男,年级:大二,专业:法学,爱好:剪纸 绘画,标签:温和 社恐星人 作息规律 宅属性"
554,"性别:女,年级:博士,专业:通信,爱好:缝纫 舞蹈 编程,标签:无标签"
555,"性别:女,年级:大四,专业:体育,爱好:绘画 围棋,标签:运动达人 可爱"
556,"性别:男,年级:研三,专业:计算机,爱好:缝纫 骑行 跑步 编程 天文,标签:社恐星人"
557,"性别:男,年级:博士,专业:体育,爱好:骑行 动漫 剪纸,标签:温和 早睡早起"
558,"性别:男,年级:研二,专业:新闻,爱好:跑步 种植 机械 缝纫 剪纸,标签:技术大牛 社恐星人 早睡早起 段子手 吃货"
559,"性别:女,年级:博士,专业:通信,爱好:缝纫 机械 羽毛球 种植,标签:社交普通型 温和"
560,"性别:男,年级:研三,专业:法学,爱好:绘画 舞蹈 足球 动漫 种植,标签:社交普通型 早睡早起"
561,"性别:男,年级:研一,专业:电气,爱好:剪纸,标签:温和 运动达人"
562,"性别:男,年级:大四,专业:体育,爱好:绘画 编程,标签:高冷 社恐星人 作息规律"
563,"性别:男,年级:大一,专业:电气,爱好:天文 音乐 羽毛球,标签:温和"
564,"性别:男,年级:大四,专业:新闻,爱好:骑行,标签:技术大牛 社恐星人 运动达人 早睡早起"
565,"性别:男,年级:大三,专业:体育,爱好:跑步 围棋 天文 羽毛球,标签:温和 熬夜的神 社恐星人"
566,"性别:男,年级:大四,专业:会计,爱好:剪纸 天文,标签:段子手 镇圈大佬"
567,"性别:男,年级:研二,专业:英语,爱好:种植 舞蹈 围棋,标签:高冷 吃货"
568,"性别:女,年级:大二,专业:电气,爱好:音乐 舞蹈 缝纫 围棋,标签:吃货 可爱"
569,"性别:男,年级:大四,专业:土木,爱好:编程 缝纫 天文 围棋,标签:社交普通型 温和 吃货"
570,"性别:男,年级:大一,专业:新闻,爱好:骑行,标签:宅属性 吃货 运动达人 作息规律"
571,"性别:男,年级:大四,专业:土木,爱好:剪纸 绘画 跑步 种植,标签:技术大牛 运动达人"
572,"性别:女,年级:大二,专业:美术,爱好:动漫 跑步 绘画 编程,标签:宅属性 熬夜的神 吃货"
573,"性别:女,年级:研一,专业:法学,爱好:音乐 足球,标签:宅属性 技术大牛 社恐星人 可爱 段子手 吃货"
574,"性别:男,年级:大一,专业:美术,爱好:天文 羽毛球 剪纸,标签:温和 早睡早起"
575,"性别:男,年级:研一,专业:电气,爱好:足球 天文 音乐 缝纫 剪纸,标签:社交牛逼症"
576,"性别:男,年级:大四,专业:医学,爱好:骑行 舞蹈 天文 剪纸,标签:社交普通型 宅属性 镇圈大佬"
577,"性别:男,年级:研三,专业:医学,爱好:骑行 音乐 跑步 剪纸 缝纫,标签:社交普通型 宅属性 镇圈大佬 早睡早起"
578,"性别:男,年级:研二,专业:通信,爱好:舞蹈 缝纫,标签:高冷 社交牛逼症"
579,"性别:女,年级:大三,专业:体育,爱好:天文 机械 围棋,标签:段子手 技术大牛 作息规律 温和 社交普通型"
580,"性别:女,年级:研一,专业:电气,爱好:舞蹈,标签:社交牛逼症 作息规律"
581,"性别:女,年级:研一,专业:体育,爱好:跑步,标签:社交普通型 熬夜的神 段子手"
582,"性别:男,年级:大三,专业:电气,爱好:足球 舞蹈 音乐,标签:作息规律"
583,"性别:女,年级:大一,专业:会计,爱好:舞蹈 围棋,标签:无标签"
584,"性别:女,年级:大一,专业:电气,爱好:羽毛球 舞蹈,标签:温和 作息规律"
585,"性别:男,年级:大二,专业:计算机,爱好:剪纸 动漫 跑步,标签:温和 熬夜的神"
586,"性别:女,年级:研一,专业:电气,爱好:种植 动漫 舞蹈 跑步 羽毛球,标签:高冷 作息规律"
587,"性别:男,年级:研二,专业:法学,爱好:动漫 舞蹈,标签:段子手 镇圈大佬 作息规律"
588,"性别:男,年级:大二,专业:电气,爱好:天文,标签:可爱 宅属性 吃货 早睡早起"
589,"性别:男,年级:大四,专业:医学,爱好:剪纸 跑步 动漫,标签:温和 技术大牛 运动达人"
590,"性别:男,年级:大一,专业:计算机,爱好:舞蹈 动漫 缝纫 天文,标签:作息规律"
591,"性别:男,年级:研二,专业:英语,爱好:足球 动漫 剪纸,标签:温和"
592,"性别:女,年级:博士,专业:医学,爱好:机械 缝纫,标签:宅属性 可爱"
593,"性别:女,年级:大一,专业:新闻,爱好:足球 机械 动漫 绘画 天文,标签:无标签"
594,"性别:男,年级:大四,专业:电气,爱好:音乐 缝纫,标签:宅属性 技术大牛 作息规律 社交牛逼症 段子手"
595,"性别:女,年级:大一,专业:土木,爱好:绘画 跑步 羽毛球 机械,标签:高冷 作息规律 宅属性"
596,"性别:男,年级:大三,专业:通信,爱好:编程 缝纫,标签:温和 技术大牛"
597,"性别:女,年级:博士,专业:法学,爱好:舞蹈 机械 绘画 骑行 羽毛球,标签:吃货 运动达人 可爱"
598,"性别:女,年级:研二,专业:生物,爱好:足球 剪纸 编程 天文 机械,标签:段子手 技术大牛 社恐星人 作息规律"
599,"性别:女,年级:研三,专业:生物,爱好:编程 缝纫 绘画,标签:高冷"
600,"性别:男,年级:博士,专业:医学,爱好:绘画 骑行,标签:运动达人 社交牛逼症 作息规律"
601,"性别:女,年级:大一,专业:体育,爱好:羽毛球 缝纫 种植 骑行 编程,标签:宅属性 运动达人 温和 社交牛逼症 镇圈大佬 吃货"
602,"性别:女,年级:大一,专业:医学,爱好:跑步 足球 羽毛球 动漫 天文,标签:无标签"
603,"性别:女,年级:大三,专业:生物,爱好:音乐 缝纫 舞蹈 动漫,标签:宅属性 吃货 社恐星人"
604,"性别:男,年级:大三,专业:英语,爱好:足球 动漫 绘画,标签:温和 社交牛逼症"
605,"性别:男,年级:研三,专业:土木,爱好:剪纸 天文,标签:宅属性 可爱 运动达人 早睡早起 吃货"
606,"性别:男,年级:研三,专业:英语,爱好:羽毛球 舞蹈,标签:宅属性 吃货 运动达人 可爱"
607,"性别:女,年级:研三,专业:医学,爱好:机械 骑行,标签:镇圈大佬 吃货"
608,"性别:男,年级:大三,专业:美术,爱好:剪纸 动漫,标签:温和"
609,"性别:女,年级:研一,专业:医学,爱好:舞蹈,标签:镇圈大佬 社恐星人 运动达人"
610,"性别:女,年级:大一,专业:英语,爱好:编程 绘画 音乐 跑步 剪纸,标签:社恐星人"
611,"性别:女,年级:研二,专业:电气,爱好:音乐 羽毛球,标签:社交普通型 可爱"
612,"性别:男,年级:研三,专业:通信,爱好:羽毛球 跑步 骑行,标签:吃货 早睡早起"
613,"性别:男,年级:大三,专业:体育,爱好:种植 缝纫 足球,标签:运动达人 社交牛逼症 早睡早起"
614,"性别:女,年级:研二,专业:计算机,爱好:种植 绘画 音乐 舞蹈,标签:高冷 吃货 作息规律 宅属性"
615,"性别:男,年级:大一,专业:美术,爱好:音乐 剪纸 跑步 动漫,标签:作息规律"
616,"性别:男,年级:博士,专业:英语,爱好:编程 骑行 跑步,标签:宅属性 高冷 早睡早起 社交牛逼症 段子手 镇圈大佬 吃货"
617,"性别:男,年级:大四,专业:计算机,爱好:音乐 剪纸 绘画 天文,标签:宅属性 镇圈大佬"
618,"性别:女,年级:博士,专业:新闻,爱好:围棋 绘画 足球 舞蹈 动漫,标签:宅属性 熬夜的神 吃货"
619,"性别:女,年级:研二,专业:电气,爱好:种植,标签:社恐星人"
620,"性别:男,年级:研二,专业:会计,爱好:天文 舞蹈 骑行 足球,标签:宅属性 熬夜的神 吃货 社交牛逼症"
621,"性别:男,年级:大三,专业:生物,爱好:舞蹈 绘画 羽毛球 种植 足球,标签:无标签"
622,"性别:女,年级:博士,专业:英语,爱好:种植 剪纸 编程 绘画,标签:段子手 高冷 吃货 宅属性"
623,"性别:女,年级:研二,专业:法学,爱好:剪纸 编程 足球,标签:镇圈大佬 吃货 早睡早起"
624,"性别:男,年级:博士,专业:生物,爱好:种植,标签:镇圈大佬 社恐星人 运动达人"
625,"性别:男,年级:研一,专业:体育,爱好:羽毛球 舞蹈 机械 音乐,标签:高冷 熬夜的神 社交牛逼症 运动达人"
626,"性别:男,年级:研一,专业:电气,爱好:种植 绘画 剪纸,标签:宅属性"
627,"性别:男,年级:研三,专业:计算机,爱好:骑行 天文 跑步 缝纫 种植,标签:温和 镇圈大佬 运动达人"
628,"性别:女,年级:大二,专业:土木,爱好:骑行 绘画 编程 足球 音乐,标签:段子手 温和 镇圈大佬"
629,"性别:女,年级:研二,专业:医学,爱好:动漫 骑行,标签:可爱 早睡早起"
630,"性别:女,年级:研三,专业:通信,爱好:天文 羽毛球 骑行,标签:社交普通型 宅属性"
631,"性别:男,年级:大四,专业:会计,爱好:机械 骑行,标签:技术大牛 镇圈大佬 社交牛逼症"
632,"性别:女,年级:博士,专业:会计,爱好:编程 种植 缝纫 天文 跑步,标签:高冷 早睡早起"
633,"性别:男,年级:大二,专业:生物,爱好:围棋 绘画,标签:宅属性 熬夜的神 吃货 可爱"
634,"性别:女,年级:博士,专业:会计,爱好:足球 羽毛球 种植 缝纫 舞蹈,标签:可爱 早睡早起"
635,"性别:女,年级:大二,专业:通信,爱好:骑行 动漫 围棋 舞蹈 绘画,标签:高冷 镇圈大佬"
636,"性别:女,年级:大一,专业:会计,爱好:围棋,标签:宅属性 段子手 作息规律 运动达人 温和 社交普通型 吃货"
637,"性别:女,年级:大二,专业:医学,爱好:足球 音乐 羽毛球,标签:宅属性 技术大牛 段子手 社交普通型 吃货"
638,"性别:男,年级:研三,专业:生物,爱好:缝纫 天文 舞蹈 骑行 绘画,标签:吃货 社恐星人 可爱"
639,"性别:男,年级:大三,专业:会计,爱好:种植 足球,标签:宅属性 吃货 早睡早起"
640,"性别:女,年级:大四,专业:土木,爱好:足球 羽毛球,标签:无标签"
641,"性别:男,年级:研三,专业:通信,爱好:动漫 剪纸 缝纫 音乐 羽毛球,标签:段子手 镇圈大佬"
642,"性别:女,年级:研三,专业:新闻,爱好:机械,标签:社恐星人 可爱"
643,"性别:女,年级:研一,专业:土木,爱好:绘画 围棋 足球,标签:社交普通型 熬夜的神"
644,"性别:男,年级:研二,专业:法学,爱好:跑步,标签:早睡早起"
645,"性别:女,年级:研一,专业:医学,爱好:编程,标签:宅属性 社恐星人 早睡早起 温和 吃货"
646,"性别:男,年级:研三,专业:计算机,爱好:绘画,标签:社交牛逼症"
647,"性别:男,年级:大四,专业:新闻,爱好:剪纸 羽毛球 天文 动漫 足球,标签:吃货 可爱"
648,"性别:男,年级:大三,专业:法学,爱好:编程 绘画 种植 音乐,标签:可爱"
649,"性别:女,年级:大三,专业:法学,爱好:编程 缝纫 羽毛球,标签:温和 熬夜的神 社恐星人"
650,"性别:男,年级:研三,专业:法学,爱好:羽毛球 骑行 剪纸 天文,标签:宅属性 社恐星人"
651,"性别:女,年级:博士,专业:计算机,爱好:编程 骑行 天文 缝纫 音乐,标签:宅属性 吃货 可爱"
652,"性别:男,年级:大三,专业:美术,爱好:跑步 缝纫 围棋 种植 羽毛球,标签:可爱"
653,"性别:男,年级:大三,专业:通信,爱好:跑步 种植 动漫,标签:可爱 早睡早起"
654,"性别:男,年级:研二,专业:生物,爱好:绘画 跑步 动漫 舞蹈 足球,标签:宅属性 熬夜的神 社交牛逼症 段子手 镇圈大佬 吃货"
655,"性别:女,年级:大一,专业:电气,爱好:足球 骑行,标签:无标签"
656,"性别:女,年级:大三,专业:土木,爱好:羽毛球 种植 剪纸,标签:宅属性 社恐星人 温和 熬夜的神 镇圈大佬 吃货"
657,"性别:女,年级:大一,专业:电气,爱好:缝纫 编程 羽毛球 动漫 绘画,标签:社交普通型 镇圈大佬 作息规律"
658,"性别:男,年级:研一,专业:美术,爱好:骑行 种植 剪纸 羽毛球 动漫,标签:温和 宅属性"
659,"性别:男,年级:大三,专业:会计,爱好:种植 绘画 缝纫,标签:段子手 镇圈大佬 早睡早起"
660,"性别:女,年级:大三,专业:通信,爱好:围棋 编程 音乐,标签:可爱"
661,"性别:女,年级:研一,专业:美术,爱好:种植 动漫 围棋,标签:温和 早睡早起"
662,"性别:男,年级:研二,专业:医学,爱好:骑行 机械,标签:温和 吃货 宅属性"
663,"性别:女,年级:大三,专业:新闻,爱好:缝纫 足球 羽毛球 舞蹈 绘画,标签:温和 吃货 社恐星人 技术大牛"
664,"性别:男,年级:大二,专业:英语,爱好:音乐 舞蹈,标签:早睡早起"
665,"性别:男,年级:博士,专业:英语,爱好:骑行 围棋 编程 音乐,标签:温和 社交牛逼症"
666,"性别:女,年级:大三,专业:医学,爱好:围棋 编程 足球 羽毛球 机械,标签:宅属性 吃货"
667,"性别:男,年级:研一,专业:医学,爱好:舞蹈,标签:社交普通型 高冷 段子手 早睡早起"
668,"性别:男,年级:研三,专业:医学,爱好:机械,标签:温和 镇圈大佬 社交牛逼症 早睡早起"
669,"性别:女,年级:研二,专业:电气,爱好:足球 剪纸,标签:段子手 社交牛逼症"
670,"性别:男,年级:研二,专业:新闻,爱好:缝纫 机械,标签:无标签"
671,"性别:女,年级:研二,专业:会计,爱好:足球 围棋 骑行,标签:段子手 镇圈大佬 吃货"
672,"性别:女,年级:大二,专业:生物,爱好:骑行 天文 绘画 种植,标签:高冷 熬夜的神"
673,"性别:男,年级:研三,专业:生物,爱好:围棋 骑行 缝纫,标签:温和 技术大牛 运动达人 早睡早起"
674,"性别:男,年级:大三,专业:美术,爱好:动漫 绘画 缝纫 羽毛球,标签:温和 熬夜的神"
675,"性别:男,年级:大一,专业:会计,爱好:缝纫 羽毛球 种植 天文,标签:镇圈大佬"
676,"性别:女,年级:研三,专业:美术,爱好:缝纫,标签:宅属性 吃货 社恐星人 早睡早起"
677,"性别:男,年级:大四,专业:计算机,爱好:缝纫,标签:社交牛逼症"
678,"性别:女,年级:博士,专业:美术,爱好:编程 绘画 种植,标签:无标签"
679,"性别:男,年级:大二,专业:英语,爱好:天文 足球 机械 音乐,标签:可爱 运动达人 早睡早起"
680,"性别:女,年级:研一,专业:土木,爱好:羽毛球 缝纫,标签:社交牛逼症"
681,"性别:女,年级:博士,专业:法学,爱好:舞蹈 缝纫 编程,标签:宅属性 技术大牛 社恐星人 可爱 早睡早起 段子手"
682,"性别:女,年级:大一,专业:体育,爱好:缝纫 音乐 编程 骑行 舞蹈,标签:段子手 镇圈大佬"
683,"性别:男,年级:大二,专业:电气,爱好:天文 足球 编程 音乐,标签:社交普通型 运动达人 可爱"
684,"性别:女,年级:大二,专业:新闻,爱好:骑行 跑步 音乐 天文 机械,标签:段子手 可爱"
685,"性别:男,年级:大三,专业:生物,爱好:围棋 缝纫,标签:熬夜的神 运动达人"
686,"性别:男,年级:大三,专业:法学,爱好:动漫 跑步 舞蹈 足球,标签:社恐星人"
687,"性别:男,年级:大四,专业:生物,爱好:动漫 足球 围棋 编程 舞蹈,标签:段子手 高冷 技术大牛 作息规律"
688,"性别:男,年级:大一,专业:土木,爱好:骑行 羽毛球 剪纸 动漫 机械,标签:社恐星人 可爱"
689,"性别:男,年级:大一,专业:英语,爱好:动漫 羽毛球 舞蹈,标签:温和"
690,"性别:女,年级:大二,专业:土木,爱好:动漫 跑步 缝纫 羽毛球,标签:高冷 作息规律 宅属性"
691,"性别:女,年级:大三,专业:美术,爱好:足球 种植 骑行,标签:社交普通型 早睡早起"
692,"性别:男,年级:大一,专业:会计,爱好:围棋 跑步 绘画 羽毛球,标签:高冷 社恐星人"
693,"性别:女,年级:博士,专业:生物,爱好:动漫 羽毛球 舞蹈,标签:镇圈大佬 熬夜的神 技术大牛 可爱"
694,"性别:男,年级:研一,专业:计算机,爱好:跑步 羽毛球,标签:社交普通型 高冷"
695,"性别:女,年级:大三,专业:土木,爱好:足球 跑步,标签:高冷"
696,"性别:女,年级:研二,专业:美术,爱好:动漫 种植 剪纸 足球,标签:社交普通型 温和 镇圈大佬 运动达人"
697,"性别:女,年级:博士,专业:电气,爱好:剪纸 动漫 机械 天文 羽毛球,标签:宅属性 可爱 运动达人 早睡早起 吃货"
698,"性别:女,年级:大三,专业:美术,爱好:天文 舞蹈 绘画,标签:技术大牛 作息规律 温和 段子手 吃货"
699,"性别:女,年级:博士,专业:医学,爱好:剪纸,标签:温和 熬夜的神 社恐星人"
700,"性别:女,年级:研三,专业:生物,爱好:骑行 天文 种植,标签:高冷"
701,"性别:女,年级:博士,专业:体育,爱好:缝纫 编程 绘画 种植,标签:社交普通型 可爱"
702,"性别:女,年级:研一,专业:电气,爱好:跑步 缝纫,标签:社交普通型 可爱"
703,"性别:男,年级:研二,专业:美术,爱好:机械 围棋,标签:温和 吃货"
704,"性别:男,年级:研一,专业:会计,爱好:骑行 音乐 足球 动漫,标签:宅属性 高冷 社恐星人 早睡早起 段子手"
705,"性别:男,年级:博士,专业:体育,爱好:机械 种植,标签:运动达人"
706,"性别:男,年级:大二,专业:体育,爱好:足球 音乐,标签:作息规律"
707,"性别:女,年级:博士,专业:计算机,爱好:编程 种植,标签:高冷 宅属性"
708,"性别:男,年级:研一,专业:生物,爱好:舞蹈 跑步 音乐,标签:社交普通型"
709,"性别:女,年级:研二,专业:医学,爱好:机械 跑步 种植,标签:社交普通型 温和 段子手 作息规律"
710,"性别:男,年级:研三,专业:英语,爱好:编程 舞蹈 跑步 羽毛球 缝纫,标签:宅属性 可爱 作息规律 社交牛逼症 吃货"
711,"性别:女,年级:研一,专业:体育,爱好:绘画 舞蹈 羽毛球,标签:熬夜的神"
712,"性别:男,年级:博士,专业:体育,爱好:足球,标签:作息规律"
713,"性别:女,年级:大四,专业:法学,爱好:机械 种植 跑步,标签:社恐星人"
714,"性别:男,年级:研一,专业:医学,爱好:羽毛球,标签:宅属性 技术大牛 高冷 社恐星人 镇圈大佬"
715,"性别:女,年级:大四,专业:体育,爱好:舞蹈 音乐 跑步 编程 缝纫,标签:段子手 高冷 镇圈大佬"
716,"性别:女,年级:研一,专业:电气,爱好:骑行 跑步 编程 机械,标签:高冷 吃货 宅属性"
717,"性别:女,年级:大三,专业:体育,爱好:剪纸,标签:温和 熬夜的神"
718,"性别:男,年级:研一,专业:土木,爱好:骑行 天文 机械 舞蹈,标签:技术大牛"
719,"性别:男,年级:研一,专业:法学,爱好:足球 骑行 跑步 围棋,标签:高冷 社交牛逼症 作息规律"
720,"性别:男,年级:大一,专业:法学,爱好:绘画 围棋 羽毛球,标签:熬夜的神 社恐星人 可爱"
721,"性别:女,年级:研二,专业:生物,爱好:骑行 机械 音乐,标签:无标签"
722,"性别:女,年级:大二,专业:通信,爱好:舞蹈 编程 围棋 缝纫,标签:温和 熬夜的神 运动达人 技术大牛"
723,"性别:男,年级:研一,专业:新闻,爱好:音乐,标签:镇圈大佬 社恐星人 运动达人"
724,"性别:男,年级:研二,专业:英语,爱好:跑步 围棋 羽毛球,标签:高冷"
725,"性别:男,年级:研一,专业:医学,爱好:舞蹈 跑步,标签:社交普通型 高冷 吃货 宅属性"
726,"性别:男,年级:研三,专业:美术,爱好:动漫 绘画,标签:社交普通型 可爱 早睡早起"
727,"性别:女,年级:研二,专业:体育,爱好:跑步 机械 天文 绘画 骑行,标签:社交普通型 可爱 作息规律"
728,"性别:女,年级:大四,专业:生物,爱好:缝纫 种植,标签:段子手 社交牛逼症 作息规律"
729,"性别:女,年级:大四,专业:会计,爱好:骑行 天文 种植 缝纫,标签:技术大牛 作息规律"
730,"性别:男,年级:大四,专业:电气,爱好:舞蹈 音乐 跑步,标签:段子手 镇圈大佬"
731,"性别:男,年级:博士,专业:生物,爱好:机械 围棋 足球 种植,标签:段子手 高冷 镇圈大佬"
732,"性别:男,年级:研三,专业:体育,爱好:动漫 天文 围棋 舞蹈 足球,标签:宅属性 社交牛逼症 可爱"
733,"性别:男,年级:大二,专业:计算机,爱好:绘画 编程 剪纸 天文,标签:无标签"
734,"性别:男,年级:大四,专业:英语,爱好:动漫 剪纸 缝纫 天文 种植,标签:无标签"
735,"性别:男,年级:研二,专业:会计,爱好:动漫 围棋,标签:宅属性 吃货 早睡早起"
736,"性别:男,年级:大四,专业:通信,爱好:音乐,标签:段子手 熬夜的神"
737,"性别:女,年级:大一,专业:电气,爱好:骑行 机械 音乐 足球,标签:社交牛逼症 作息规律"
738,"性别:男,年级:大四,专业:新闻,爱好:编程 绘画 骑行 剪纸 缝纫,标签:高冷"
739,"性别:女,年级:研一,专业:生物,爱好:足球,标签:无标签"
740,"性别:女,年级:大一,专业:医学,爱好:缝纫 机械,标签:温和 吃货 宅属性"
741,"性别:男,年级:大二,专业:计算机,爱好:绘画 羽毛球,标签:社恐星人 可爱"
742,"性别:男,年级:大一,专业:通信,爱好:足球 围棋,标签:社恐星人 可爱"
743,"性别:女,年级:博士,专业:美术,爱好:动漫 足球,标签:社交普通型 熬夜的神"
744,"性别:女,年级:大四,专业:英语,爱好:机械,标签:宅属性 作息规律 温和 社交牛逼症 吃货"
745,"性别:女,年级:研一,专业:体育,爱好:编程 天文 音乐,标签:宅属性 社恐星人 温和 段子手 镇圈大佬 吃货"
746,"性别:女,年级:大一,专业:计算机,爱好:缝纫 羽毛球 编程 围棋,标签:段子手 可爱"
747,"性别:男,年级:研三,专业:会计,爱好:舞蹈 机械,标签:社交普通型 高冷"
748,"性别:女,年级:大三,专业:电气,爱好:骑行,标签:高冷 早睡早起"
749,"性别:女,年级:大三,专业:体育,爱好:种植 编程 音乐 剪纸,标签:无标签"
750,"性别:男,年级:研一,专业:生物,爱好:羽毛球 围棋 音乐,标签:段子手 温和 熬夜的神 运动达人"
751,"性别:女,年级:研二,专业:体育,爱好:骑行 天文,标签:可爱 社交牛逼症 早睡早起"
752,"性别:男,年级:大三,专业:美术,爱好:绘画 舞蹈 剪纸 围棋,标签:宅属性 吃货 社交牛逼症 可爱"
753,"性别:女,年级:研一,专业:计算机,爱好:音乐 剪纸 羽毛球 编程,标签:无标签"
754,"性别:女,年级:研三,专业:美术,爱好:音乐 种植,标签:高冷 吃货 宅属性"
755,"性别:男,年级:大二,专业:法学,爱好:舞蹈,标签:社恐星人 作息规律"
756,"性别:女,年级:研一,专业:美术,爱好:种植 动漫 绘画,标签:温和 镇圈大佬 吃货 宅属性"
757,"性别:男,年级:大三,专业:法学,爱好:音乐 机械 骑行 足球,标签:温和 社交牛逼症 早睡早起"
758,"性别:女,年级:大三,专业:法学,爱好:动漫 跑步,标签:宅属性 吃货 社交牛逼症 作息规律"
759,"性别:女,年级:大二,专业:医学,爱好:羽毛球 缝纫 舞蹈 剪纸,标签:段子手 技术大牛 社交牛逼症 可爱"
760,"性别:男,年级:博士,专业:新闻,爱好:缝纫 绘画,标签:社交普通型 高冷 技术大牛 早睡早起"
761,"性别:男,年级:大二,专业:计算机,爱好:骑行 种植,标签:温和 宅属性"
762,"性别:女,年级:研三,专业:电气,爱好:种植 剪纸 机械 围棋,标签:社交普通型 技术大牛"
763,"性别:女,年级:大二,专业:生物,爱好:舞蹈 羽毛球 围棋,标签:技术大牛 镇圈大佬 社恐星人 早睡早起"
764,"性别:女,年级:大一,专业:通信,爱好:舞蹈 跑步,标签:熬夜的神 镇圈大佬 运动达人"
765,"性别:男,年级:研二,专业:生物,爱好:缝纫 编程 围棋 剪纸 骑行,标签:高冷 技术大牛 早睡早起"
766,"性别:女,年级:大四,专业:电气,爱好:舞蹈 骑行 跑步 足球 音乐,标签:早睡早起"
767,"性别:男,年级:研一,专业:计算机,爱好:足球 羽毛球,标签:温和 吃货 运动达人"
768,"性别:女,年级:大二,专业:土木,爱好:音乐 缝纫 机械 围棋,标签:社恐星人 作息规律"
769,"性别:女,年级:博士,专业:电气,爱好:动漫 剪纸,标签:宅属性"
770,"性别:男,年级:大一,专业:英语,爱好:编程 绘画,标签:无标签"
771,"性别:男,年级:研三,专业:通信,爱好:编程 舞蹈,标签:社恐星人 早睡早起"
772,"性别:女,年级:大三,专业:英语,爱好:机械 编程 绘画 羽毛球 骑行,标签:段子手 技术大牛 可爱"
773,"性别:女,年级:研一,专业:美术,爱好:天文 编程 剪纸 足球,标签:技术大牛 镇圈大佬 社交牛逼症 早睡早起"
774,"性别:男,年级:大三,专业:电气,爱好:机械 种植,标签:宅属性 社恐星人 可爱 早睡早起 吃货"
775,"性别:女,年级:研二,专业:计算机,爱好:围棋,标签:宅属性 运动达人 温和 镇圈大佬 吃货"
776,"性别:男,年级:研三,专业:计算机,爱好:音乐 剪纸 缝纫 骑行 编程,标签:宅属性 高冷 早睡早起 社交牛逼症 段子手 镇圈大佬 吃货"
777,"性别:男,年级:大四,专业:法学,爱好:机械 足球 音乐 编程 种植,标签:温和 早睡早起 宅属性"
778,"性别:女,年级:大二,专业:通信,爱好:跑步,标签:熬夜的神 社交牛逼症 可爱"
779,"性别:男,年级:博士,专业:会计,爱好:绘画,标签:温和 吃货 社恐星人 宅属性"
780,"性别:男,年级:研三,专业:土木,爱好:剪纸 缝纫 绘画 机械,标签:段子手 高冷 社恐星人"
781,"性别:女,年级:大二,专业:英语,爱好:天文 种植 羽毛球 围棋,标签:段子手 吃货 社恐星人 运动达人"
782,"性别:女,年级:研二,专业:医学,爱好:骑行 足球 跑步,标签:技术大牛 早睡早起 温和 社交牛逼症 镇圈大佬"
783,"性别:女,年级:博士,专业:医学,爱好:动漫 剪纸 骑行 编程,标签:温和"
784,"性别:男,年级:研三,专业:土木,爱好:剪纸,标签:无标签"
785,"性别:男,年级:研一,专业:电气,爱好:天文 机械 剪纸,标签:高冷 吃货 宅属性"
786,"性别:男,年级:大二,专业:法学,爱好:缝纫 编程 舞蹈 羽毛球 种植,标签:社交普通型 宅属性 吃货 作息规律"
787,"性别:女,年级:博士,专业:医学,爱好:舞蹈,标签:无标签"
788,"性别:男,年级:大一,专业:土木,爱好:种植 剪纸 缝纫 音乐 动漫,标签:可爱 段子手 社恐星人 作息规律"
789,"性别:男,年级:大二,专业:美术,爱好:围棋 缝纫,标签:宅属性"
790,"性别:男,年级:研一,专业:新闻,爱好:种植 缝纫 天文 跑步 音乐,标签:无标签"
791,"性别:女,年级:大三,专业:医学,爱好:音乐 足球 编程 跑步,标签:宅属性 吃货 作息规律"
792,"性别:女,年级:大四,专业:新闻,爱好:足球 羽毛球,标签:熬夜的神 镇圈大佬 技术大牛 可爱"
793,"性别:男,年级:大三,专业:法学,爱好:缝纫,标签:技术大牛 可爱"
794,"性别:男,年级:大三,专业:体育,爱好:音乐 舞蹈 动漫 剪纸 羽毛球,标签:温和"
795,"性别:女,年级:研一,专业:体育,爱好:剪纸 机械 缝纫,标签:宅属性 吃货 运动达人 可爱"
796,"性别:女,年级:博士,专业:美术,爱好:绘画 缝纫,标签:社交普通型 可爱 作息规律"
797,"性别:男,年级:大一,专业:新闻,爱好:舞蹈 缝纫 剪纸 足球 编程,标签:镇圈大佬 社恐星人 早睡早起"
798,"性别:男,年级:大四,专业:新闻,爱好:舞蹈,标签:熬夜的神 技术大牛 可爱"
799,"性别:女,年级:博士,专业:土木,爱好:绘画 音乐 足球 编程 跑步,标签:段子手 技术大牛 社恐星人 早睡早起"
800,"性别:男,年级:大四,专业:生物,爱好:动漫 骑行 围棋 跑步 天文,标签:社交普通型 吃货"
801,"性别:男,年级:大一,专业:电气,爱好:音乐 剪纸 跑步 编程 围棋,标签:宅属性 技术大牛 运动达人 可爱 社交牛逼症"
802,"性别:女,年级:大四,专业:计算机,爱好:羽毛球 骑行 足球 剪纸 缝纫,标签:技术大牛 社恐星人 运动达人"
803,"性别:女,年级:大三,专业:新闻,爱好:音乐 编程 机械 跑步 绘画,标签:技术大牛 运动达人"
804,"性别:女,年级:大四,专业:会计,爱好:足球,标签:宅属性 吃货 社交牛逼症"
805,"性别:男,年级:大二,专业:法学,爱好:剪纸 缝纫 跑步,标签:吃货 社恐星人"
806,"性别:男,年级:博士,专业:计算机,爱好:编程 绘画 跑步 缝纫,标签:镇圈大佬 吃货 运动达人"
807,"性别:女,年级:大四,专业:体育,爱好:羽毛球 动漫 种植 围棋,标签:温和 镇圈大佬 早睡早起 宅属性"
808,"性别:男,年级:研二,专业:医学,爱好:编程 绘画 骑行 机械 种植,标签:高冷 社恐星人 作息规律"
809,"性别:女,年级:大二,专业:通信,爱好:缝纫 天文 骑行,标签:可爱 社恐星人 早睡早起"
810,"性别:男,年级:研二,专业:计算机,爱好:音乐 舞蹈,标签:可爱 宅属性 早睡早起"
811,"性别:女,年级:研二,专业:英语,爱好:编程 跑步 天文 缝纫,标签:社交普通型 可爱 早睡早起"
812,"性别:女,年级:研一,专业:英语,爱好:天文 机械 编程 种植 音乐,标签:熬夜的神 镇圈大佬 社交牛逼症"
813,"性别:女,年级:研一,专业:土木,爱好:音乐 围棋 种植 机械,标签:社交普通型 高冷"
814,"性别:男,年级:大四,专业:美术,爱好:音乐 编程,标签:高冷 早睡早起"
815,"性别:女,年级:大二,专业:体育,爱好:种植 骑行,标签:可爱 镇圈大佬 社交牛逼症 早睡早起"
816,"性别:男,年级:研三,专业:美术,爱好:跑步,标签:段子手 熬夜的神 社交牛逼症"
817,"性别:女,年级:博士,专业:英语,爱好:编程,标签:宅属性 温和 熬夜的神 段子手 吃货"
818,"性别:女,年级:研一,专业:英语,爱好:剪纸 羽毛球,标签:温和 技术大牛 早睡早起"
819,"性别:男,年级:大四,专业:法学,爱好:动漫 音乐 骑行 舞蹈 机械,标签:高冷 作息规律"
820,"性别:女,年级:大四,专业:电气,爱好:羽毛球 缝纫 剪纸 舞蹈,标签:技术大牛 运动达人"
821,"性别:男,年级:大一,专业:土木,爱好:缝纫 足球 剪纸 围棋 骑行,标签:早睡早起"
822,"性别:男,年级:博士,专业:通信,爱好:舞蹈 剪纸 跑步 骑行 机械,标签:宅属性 吃货 社交牛逼症 作息规律"
823,"性别:女,年级:博士,专业:电气,爱好:天文 种植,标签:段子手 运动达人"
824,"性别:女,年级:研三,专业:会计,爱好:绘画 天文,标签:社交牛逼症"
825,"性别:女,年级:研一,专业:电气,爱好:动漫 羽毛球 缝纫,标签:可爱"
826,"性别:女,年级:大四,专业:法学,爱好:剪纸 动漫 机械 骑行,标签:早睡早起"
827,"性别:男,年级:大二,专业:土木,爱好:足球 机械 跑步,标签:社交普通型"
828,"性别:女,年级:研三,专业:英语,爱好:羽毛球 绘画 缝纫 音乐,标签:宅属性 运动达人 温和 社交牛逼症 吃货"
829,"性别:女,年级:研一,专业:计算机,爱好:剪纸 骑行 种植,标签:吃货"
830,"性别:男,年级:研三,专业:法学,爱好:种植 动漫,标签:早睡早起"
831,"性别:男,年级:博士,专业:美术,爱好:种植,标签:社交普通型"
832,"性别:男,年级:研三,专业:法学,爱好:舞蹈 编程,标签:社交普通型 技术大牛 镇圈大佬 早睡早起"
833,"性别:男,年级:博士,专业:会计,爱好:围棋,标签:社交普通型 技术大牛 镇圈大佬 可爱"
834,"性别:男,年级:大四,专业:土木,爱好:动漫 围棋 舞蹈 种植 剪纸,标签:温和 社恐星人 早睡早起"
835,"性别:女,年级:大四,专业:法学,爱好:羽毛球 围棋,标签:段子手 高冷 熬夜的神"
836,"性别:女,年级:博士,专业:体育,爱好:剪纸 舞蹈 天文,标签:宅属性 熬夜的神 镇圈大佬 吃货"
837,"性别:男,年级:大四,专业:会计,爱好:舞蹈 羽毛球 天文 机械,标签:社交牛逼症 作息规律"
838,"性别:男,年级:大一,专业:医学,爱好:足球,标签:段子手 温和 技术大牛 早睡早起"
839,"性别:女,年级:大三,专业:电气,爱好:羽毛球 机械 动漫,标签:技术大牛 运动达人"
840,"性别:男,年级:博士,专业:新闻,爱好:骑行 机械,标签:熬夜的神 社恐星人"
841,"性别:男,年级:研一,专业:美术,爱好:机械,标签:宅属性"
842,"性别:女,年级:研一,专业:会计,爱好:舞蹈 围棋 机械,标签:宅属性 高冷 熬夜的神 社交牛逼症 吃货"
843,"性别:男,年级:大四,专业:会计,爱好:舞蹈 羽毛球 绘画,标签:宅属性 吃货"
844,"性别:女,年级:大三,专业:计算机,爱好:天文,标签:宅属性 吃货 社交牛逼症"
845,"性别:男,年级:大二,专业:通信,爱好:围棋,标签:宅属性 可爱 运动达人 作息规律 吃货"
846,"性别:男,年级:研三,专业:新闻,爱好:天文 剪纸 舞蹈 跑步 围棋,标签:宅属性 熬夜的神 吃货"
847,"性别:男,年级:大二,专业:通信,爱好:机械 舞蹈 足球,标签:温和 熬夜的神"
848,"性别:男,年级:研一,专业:计算机,爱好:天文 机械,标签:熬夜的神 社恐星人"
849,"性别:男,年级:研二,专业:美术,爱好:围棋 音乐 编程 足球,标签:社交普通型 运动达人 早睡早起"
850,"性别:女,年级:研二,专业:通信,爱好:音乐,标签:熬夜的神 可爱"
851,"性别:男,年级:博士,专业:电气,爱好:种植 围棋 机械,标签:无标签"
852,"性别:男,年级:研三,专业:医学,爱好:绘画 足球 缝纫 舞蹈 骑行,标签:社交牛逼症 可爱"
853,"性别:男,年级:研一,专业:英语,爱好:剪纸,标签:社交牛逼症"
854,"性别:女,年级:研三,专业:体育,爱好:围棋 种植 羽毛球 编程,标签:社交普通型"
855,"性别:男,年级:研二,专业:通信,爱好:天文,标签:早睡早起"
856,"性别:女,年级:大四,专业:计算机,爱好:动漫 编程,标签:技术大牛 运动达人 作息规律"
857,"性别:男,年级:研二,专业:体育,爱好:音乐 机械 缝纫,标签:社恐星人 运动达人 可爱 熬夜的神 段子手"
858,"性别:女,年级:大四,专业:电气,爱好:缝纫,标签:宅属性 吃货"
859,"性别:男,年级:大二,专业:体育,爱好:剪纸 舞蹈,标签:宅属性 社恐星人 早睡早起 温和 吃货"
860,"性别:男,年级:大三,专业:土木,爱好:音乐 围棋 编程 种植 跑步,标签:社交普通型 温和 作息规律"
861,"性别:女,年级:大四,专业:土木,爱好:舞蹈 编程 围棋 跑步 足球,标签:社交普通型 高冷 技术大牛"
862,"性别:女,年级:大二,专业:计算机,爱好:天文,标签:可爱"
863,"性别:男,年级:研三,专业:英语,爱好:天文 缝纫 羽毛球,标签:可爱 宅属性 技术大牛 早睡早起"
864,"性别:男,年级:大四,专业:生物,爱好:骑行,标签:宅属性 高冷 早睡早起 段子手 吃货"
865,"性别:男,年级:博士,专业:法学,爱好:羽毛球 骑行 剪纸 跑步 编程,标签:熬夜的神 可爱"
866,"性别:男,年级:研一,专业:医学,爱好:机械 天文,标签:高冷 熬夜的神 社恐星人"
867,"性别:男,年级:研三,专业:生物,爱好:剪纸 羽毛球 种植 机械,标签:高冷 社恐星人 早睡早起 宅属性"
868,"性别:女,年级:大一,专业:新闻,爱好:舞蹈 绘画 天文 种植,标签:吃货 早睡早起"
869,"性别:男,年级:大一,专业:医学,爱好:编程 绘画 足球 羽毛球,标签:宅属性 镇圈大佬"
870,"性别:男,年级:大二,专业:英语,爱好:羽毛球,标签:吃货 社交牛逼症"
871,"性别:女,年级:研二,专业:电气,爱好:围棋 机械 缝纫 跑步,标签:社交普通型 高冷 作息规律"
872,"性别:男,年级:研三,专业:体育,爱好:跑步 足球 种植 骑行 绘画,标签:社交普通型 可爱"
873,"性别:女,年级:大三,专业:体育,爱好:足球 围棋 骑行 天文 羽毛球,标签:社交普通型"
874,"性别:男,年级:大四,专业:英语,爱好:骑行 羽毛球,标签:社交普通型 段子手 镇圈大佬"
875,"性别:男,年级:研二,专业:土木,爱好:骑行 羽毛球 编程,标签:社交牛逼症"
876,"性别:男,年级:博士,专业:电气,爱好:足球 跑步 动漫 编程,标签:社交牛逼症"
877,"性别:女,年级:大二,专业:通信,爱好:缝纫 编程 天文 剪纸,标签:运动达人 作息规律"
878,"性别:男,年级:大一,专业:医学,爱好:舞蹈 天文 剪纸,标签:社交普通型 高冷 技术大牛"
879,"性别:男,年级:研二,专业:土木,爱好:动漫 骑行 羽毛球,标签:高冷 镇圈大佬 社交牛逼症 运动达人"
880,"性别:女,年级:研三,专业:英语,爱好:机械,标签:可爱 运动达人 早睡早起"
881,"性别:女,年级:研一,专业:医学,爱好:羽毛球,标签:无标签"
882,"性别:男,年级:研二,专业:电气,爱好:动漫 跑步 种植 羽毛球,标签:技术大牛 社交牛逼症 运动达人"
883,"性别:男,年级:研一,专业:计算机,爱好:机械 绘画 音乐,标签:高冷 社恐星人"
884,"性别:女,年级:研二,专业:土木,爱好:足球 剪纸 种植 骑行 围棋,标签:高冷 熬夜的神"
885,"性别:女,年级:大三,专业:体育,爱好:编程 天文 机械 剪纸 足球,标签:段子手 温和 熬夜的神 社恐星人"
886,"性别:女,年级:大四,专业:法学,爱好:音乐 编程 围棋 舞蹈 种植,标签:温和 作息规律"
887,"性别:男,年级:博士,专业:通信,爱好:足球 动漫 天文 音乐 舞蹈,标签:社交普通型 宅属性 吃货 早睡早起"
888,"性别:女,年级:研二,专业:土木,爱好:羽毛球 骑行 动漫,标签:宅属性 吃货 运动达人 早睡早起"
889,"性别:男,年级:大二,专业:计算机,爱好:种植 足球 天文 动漫,标签:吃货 社交牛逼症"
890,"性别:女,年级:大三,专业:法学,爱好:围棋,标签:技术大牛 可爱"
891,"性别:男,年级:博士,专业:会计,爱好:绘画 舞蹈 围棋,标签:早睡早起"
892,"性别:女,年级:研一,专业:土木,爱好:音乐,标签:社交普通型 温和 作息规律"
893,"性别:男,年级:研三,专业:会计,爱好:骑行 机械 编程,标签:段子手 高冷 宅属性"
894,"性别:男,年级:研三,专业:新闻,爱好:羽毛球 缝纫,标签:熬夜的神 社交牛逼症"
895,"性别:女,年级:博士,专业:法学,爱好:机械 剪纸,标签:社交普通型 作息规律"
896,"性别:男,年级:研三,专业:电气,爱好:音乐 舞蹈 缝纫 天文,标签:温和 社恐星人 宅属性"
897,"性别:女,年级:研三,专业:美术,爱好:缝纫 羽毛球 音乐 绘画,标签:段子手 运动达人 早睡早起"
898,"性别:女,年级:大三,专业:计算机,爱好:舞蹈 音乐 围棋 绘画,标签:高冷 熬夜的神 社交牛逼症"
899,"性别:女,年级:博士,专业:美术,爱好:动漫 音乐 跑步 机械,标签:宅属性 技术大牛 吃货 运动达人"
900,"性别:女,年级:研一,专业:医学,爱好:羽毛球 跑步 种植 编程 骑行,标签:高冷"
901,"性别:男,年级:大二,专业:医学,爱好:足球 机械 舞蹈,标签:宅属性 技术大牛 段子手 熬夜的神 社交普通型"
902,"性别:女,年级:研一,专业:英语,爱好:足球 机械,标签:熬夜的神 镇圈大佬 技术大牛"
903,"性别:女,年级:研一,专业:体育,爱好:编程,标签:可爱"
904,"性别:男,年级:研二,专业:法学,爱好:音乐 编程 天文 羽毛球,标签:社交普通型"
905,"性别:女,年级:大三,专业:美术,爱好:机械 舞蹈 音乐,标签:无标签"
906,"性别:男,年级:研一,专业:美术,爱好:绘画 机械 缝纫 种植,标签:段子手 技术大牛 早睡早起"
907,"性别:男,年级:大一,专业:会计,爱好:音乐 羽毛球 编程,标签:温和"
908,"性别:女,年级:大三,专业:法学,爱好:种植 缝纫,标签:宅属性 技术大牛 运动达人 早睡早起 吃货"
909,"性别:女,年级:研二,专业:法学,爱好:编程 动漫 舞蹈,标签:可爱 宅属性 早睡早起"
910,"性别:女,年级:研一,专业:英语,爱好:机械 种植 舞蹈 跑步 缝纫,标签:社交普通型 运动达人"
911,"性别:男,年级:大三,专业:医学,爱好:机械 骑行 音乐 跑步 羽毛球,标签:早睡早起"
912,"性别:女,年级:大三,专业:计算机,爱好:羽毛球 天文 足球 动漫,标签:熬夜的神 技术大牛"
913,"性别:女,年级:大一,专业:英语,爱好:骑行,标签:温和"
914,"性别:女,年级:博士,专业:生物,爱好:羽毛球 音乐 跑步 机械 动漫,标签:高冷 镇圈大佬 吃货"
915,"性别:女,年级:大三,专业:体育,爱好:缝纫 足球 跑步 种植 天文,标签:温和 社恐星人 作息规律 宅属性"
916,"性别:女,年级:博士,专业:英语,爱好:动漫 骑行 舞蹈,标签:社交普通型"
917,"性别:男,年级:大三,专业:法学,爱好:种植 剪纸 舞蹈 缝纫,标签:运动达人 社交牛逼症 作息规律"
918,"性别:女,年级:大一,专业:土木,爱好:种植 天文,标签:无标签"
919,"性别:女,年级:大四,专业:通信,爱好:天文 围棋 编程,标签:技术大牛 运动达人 作息规律"
920,"性别:男,年级:研三,专业:英语,爱好:天文 羽毛球,标签:作息规律"
921,"性别:女,年级:研二,专业:土木,爱好:跑步 绘画 机械 动漫 缝纫,标签:高冷 宅属性"
922,"性别:男,年级:大一,专业:法学,爱好:天文 缝纫,标签:熬夜的神 可爱"
923,"性别:女,年级:大四,专业:英语,爱好:音乐 跑步,标签:社交普通型 高冷 作息规律"
924,"性别:男,年级:研三,专业:新闻,爱好:绘画 动漫 机械 羽毛球,标签:作息规律"
925,"性别:男,年级:研二,专业:美术,爱好:绘画 羽毛球 舞蹈 剪纸,标签:高冷 社交牛逼症 宅属性"
926,"性别:男,年级:大四,专业:生物,爱好:种植,标签:运动达人 作息规律"
927,"性别:男,年级:大二,专业:通信,爱好:天文 音乐,标签:高冷 镇圈大佬 社恐星人"
928,"性别:男,年级:大二,专业:体育,爱好:剪纸 动漫 跑步,标签:段子手 高冷 作息规律"
929,"性别:女,年级:大三,专业:生物,爱好:围棋 动漫 羽毛球,标签:社交普通型 段子手 可爱"
930,"性别:男,年级:研三,专业:新闻,爱好:种植 羽毛球 跑步 剪纸 音乐,标签:温和"
931,"性别:男,年级:大二,专业:计算机,爱好:音乐 缝纫 跑步 种植 动漫,标签:宅属性 熬夜的神"
932,"性别:女,年级:博士,专业:土木,爱好:围棋 剪纸 跑步,标签:宅属性 高冷 熬夜的神 社交牛逼症 吃货"
933,"性别:男,年级:研一,专业:新闻,爱好:绘画 骑行 剪纸 羽毛球 缝纫,标签:段子手"
934,"性别:男,年级:大四,专业:医学,爱好:围棋 编程 跑步 骑行,标签:宅属性 社恐星人"
935,"性别:男,年级:研一,专业:英语,爱好:跑步 天文,标签:宅属性 运动达人 可爱 熬夜的神 段子手 吃货"
936,"性别:男,年级:大四,专业:生物,爱好:足球 种植,标签:无标签"
937,"性别:女,年级:研三,专业:医学,爱好:骑行 剪纸,标签:段子手 可爱"
938,"性别:男,年级:大三,专业:生物,爱好:缝纫,标签:宅属性 镇圈大佬 吃货 运动达人"
939,"性别:男,年级:大四,专业:医学,爱好:足球,标签:社交牛逼症 可爱"
940,"性别:男,年级:博士,专业:生物,爱好:音乐 围棋 缝纫 骑行 舞蹈,标签:社交普通型 运动达人"
941,"性别:男,年级:研二,专业:计算机,爱好:编程,标签:无标签"
942,"性别:男,年级:大三,专业:会计,爱好:舞蹈 围棋 天文 羽毛球 编程,标签:温和"
943,"性别:男,年级:大一,专业:法学,爱好:缝纫 围棋 种植 骑行,标签:无标签"
944,"性别:女,年级:大四,专业:新闻,爱好:编程,标签:早睡早起"
945,"性别:女,年级:大二,专业:电气,爱好:剪纸,标签:段子手 宅属性 吃货 社恐星人"
946,"性别:女,年级:研一,专业:医学,爱好:绘画 动漫,标签:可爱 早睡早起"
947,"性别:男,年级:研一,专业:会计,爱好:羽毛球 舞蹈 骑行 缝纫,标签:高冷"
948,"性别:男,年级:大一,专业:会计,爱好:天文,标签:社交普通型 温和"
949,"性别:女,年级:研二,专业:新闻,爱好:剪纸 种植 绘画 舞蹈,标签:宅属性 技术大牛 高冷 社恐星人 段子手 吃货"
950,"性别:女,年级:大一,专业:会计,爱好:动漫 天文 编程,标签:温和 社恐星人 作息规律"
951,"性别:男,年级:大四,专业:土木,爱好:舞蹈 缝纫 围棋 种植,标签:社交普通型 镇圈大佬 运动达人"
952,"性别:女,年级:大四,专业:美术,爱好:机械 足球 跑步 剪纸,标签:吃货 作息规律"
953,"性别:女,年级:研一,专业:会计,爱好:足球 音乐 种植 围棋 骑行,标签:运动达人"
954,"性别:男,年级:大二,专业:英语,爱好:种植 动漫 音乐 剪纸 天文,标签:段子手 熬夜的神 技术大牛"
955,"性别:女,年级:研三,专业:生物,爱好:机械 舞蹈 音乐 跑步,标签:高冷"
956,"性别:男,年级:研一,专业:通信,爱好:机械,标签:社交普通型 段子手 可爱"
957,"性别:女,年级:大二,专业:土木,爱好:缝纫,标签:可爱"
958,"性别:男,年级:大一,专业:美术,爱好:编程 种植,标签:早睡早起"
959,"性别:男,年级:大四,专业:法学,爱好:绘画,标签:宅属性 吃货 社恐星人"
960,"性别:女,年级:大二,专业:体育,爱好:音乐 动漫,标签:宅属性 运动达人 可爱 社交牛逼症 吃货"
961,"性别:女,年级:大四,专业:生物,爱好:天文,标签:熬夜的神"
962,"性别:男,年级:研二,专业:计算机,爱好:编程 跑步 剪纸,标签:宅属性 社恐星人 运动达人 温和 吃货"
963,"性别:女,年级:研三,专业:医学,爱好:编程 骑行,标签:无标签"
964,"性别:女,年级:大四,专业:英语,爱好:音乐 种植 舞蹈,标签:宅属性 运动达人 熬夜的神 社交牛逼症 吃货"
965,"性别:女,年级:大二,专业:新闻,爱好:足球 音乐 骑行 舞蹈,标签:熬夜的神 社恐星人 运动达人"
966,"性别:女,年级:大一,专业:医学,爱好:编程 围棋 骑行,标签:技术大牛 镇圈大佬 可爱"
967,"性别:女,年级:研三,专业:电气,爱好:音乐 围棋 骑行 足球,标签:技术大牛 运动达人 作息规律 温和 吃货"
968,"性别:女,年级:大二,专业:计算机,爱好:剪纸 缝纫 舞蹈,标签:温和 熬夜的神"
969,"性别:女,年级:大一,专业:美术,爱好:绘画,标签:社交普通型 镇圈大佬 早睡早起"
970,"性别:男,年级:大一,专业:法学,爱好:舞蹈 跑步 动漫,标签:高冷 吃货 宅属性"
971,"性别:女,年级:研三,专业:体育,爱好:羽毛球,标签:高冷 社恐星人 运动达人 熬夜的神 镇圈大佬"
972,"性别:男,年级:研三,专业:法学,爱好:天文 音乐 跑步,标签:段子手 宅属性 吃货 可爱"
973,"性别:男,年级:博士,专业:体育,爱好:编程 天文 足球 音乐 机械,标签:高冷 技术大牛 运动达人 早睡早起"
974,"性别:女,年级:研三,专业:计算机,爱好:足球 绘画,标签:可爱"
975,"性别:男,年级:研一,专业:英语,爱好:骑行 剪纸 种植,标签:社交普通型 温和"
976,"性别:男,年级:研一,专业:生物,爱好:种植,标签:无标签"
977,"性别:女,年级:研三,专业:土木,爱好:机械 羽毛球 音乐 天文 动漫,标签:宅属性 吃货"
978,"性别:男,年级:大三,专业:体育,爱好:剪纸 音乐 羽毛球 缝纫 动漫,标签:高冷 早睡早起"
979,"性别:女,年级:博士,专业:生物,爱好:舞蹈 动漫 跑步,标签:高冷 熬夜的神 社恐星人"
980,"性别:男,年级:大四,专业:新闻,爱好:舞蹈 机械 羽毛球 天文,标签:段子手 温和 镇圈大佬"
981,"性别:女,年级:大三,专业:法学,爱好:围棋 足球 编程 音乐 机械,标签:段子手 社恐星人 早睡早起"
982,"性别:女,年级:研三,专业:生物,爱好:羽毛球 骑行,标签:宅属性 段子手 运动达人 可爱 社交普通型 吃货"
983,"性别:女,年级:博士,专业:生物,爱好:绘画 羽毛球 缝纫 剪纸,标签:吃货"
984,"性别:女,年级:大一,专业:英语,爱好:缝纫 动漫 编程 种植,标签:熬夜的神 社恐星人"
985,"性别:男,年级:研一,专业:法学,爱好:天文,标签:吃货 作息规律"
986,"性别:女,年级:研一,专业:新闻,爱好:编程 骑行 机械,标签:温和 镇圈大佬 运动达人"
987,"性别:女,年级:研一,专业:通信,爱好:绘画,标签:可爱 社恐星人 作息规律"
988,"性别:女,年级:研二,专业:土木,爱好:机械 编程 音乐 骑行,标签:社交牛逼症"
989,"性别:男,年级:研二,专业:体育,爱好:羽毛球,标签:可爱 宅属性 作息规律"
990,"性别:女,年级:博士,专业:美术,爱好:舞蹈 天文 足球 围棋,标签:宅属性 技术大牛 高冷 镇圈大佬 吃货"
991,"性别:男,年级:大四,专业:医学,爱好:种植 缝纫 骑行,标签:段子手 社恐星人"
992,"性别:男,年级:大三,专业:英语,爱好:音乐 羽毛球 编程,标签:社交普通型 宅属性 段子手 吃货"
993,"性别:男,年级:大一,专业:新闻,爱好:舞蹈,标签:宅属性 技术大牛 可爱 作息规律 镇圈大佬"
994,"性别:男,年级:研三,专业:会计,爱好:跑步,标签:宅属性 吃货 社恐星人"
995,"性别:男,年级:大四,专业:土木,爱好:天文 剪纸 舞蹈 动漫,标签:宅属性 吃货 作息规律"
996,"性别:男,年级:研一,专业:生物,爱好:种植 编程,标签:早睡早起"
997,"性别:女,年级:大三,专业:土木,爱好:骑行 舞蹈 音乐 绘画 羽毛球,标签:宅属性 熬夜的神 吃货 社交牛逼症"
998,"性别:女,年级:博士,专业:电气,爱好:围棋 种植,标签:社恐星人 早睡早起"
999,"性别:女,年级:博士,专业:美术,爱好:缝纫 舞蹈 绘画 天文 音乐,标签:可爱 社交牛逼症 早睡早起"
1000,"性别:女,年级:研三,专业:会计,爱好:足球 剪纸,标签:镇圈大佬 社恐星人"
